ID,Answer
0,紅色羽毛
1,《臺灣府志》
2,袁晁率起義軍
3,柏林陸軍學院
4,決勝局
5,聶耳
6,1884年
7,西漢的版圖向西擴張
8,英國
9,醜化對手
10,周星馳
11,三中老
12,無障礙環境
13,anticipation
14,2004年
15,硫化氫
16,華萊士
17,平衡的力是向內的萬有引力和恆星內部由於壓力梯度產生向外的壓力。壓力梯度是由電漿體的溫差建立的，因為外面的部份溫度會比內部核心的低
18,經濟
19,100公里
20,愛爾蘭語
21,荷蘭
22,硫磺
23,塞爾維亞反對黨
24,1910年代
25,外交活動
26,拉丁文[UNK]
27,外邦人
28,1964年
29,霍克菲爾德
30,文化大革命
31,《金驢記》
32,灣仔
33,南海諸島
34,論點石破天驚
35,1968年
36,新北市
37,小白宮
38,公安部門對遊行申請基本上不批准
39,南人
40,宋端宗
41,四千名
42,46億年
43,1070年
44,《國民養老保險法》
45,
46,1929年
47,航天技術
48,1932年
49,大型購物中心[UNK]開幕後
50,明朝嘉靖帝
51,自強學堂
52,1960年代
53,亞歷山大一世被刺殺
54,紐約市
55,基督教
56,預覽阿爾法版本
57,100萬
58,新北市
59,佔領行動
60,路易十五
61,中國國民黨
62,中生代侏羅紀
63,阿拉貢國王卡洛斯三世
64,熱帶雨林氣候
65,玄菟郡，但是由於夫餘對漢軍的援助，高句麗的攻擊沒能取得勝利
66,蔣中正
67,清末
68,前三點起落架
69,弘治十二年
70,亞洲
71,1996年
72,社會主義陣營
73,氦
74,1512年，西班牙人
75,交通運輸部
76,奧林匹克體育場
77,朱少文
78,織田氏部將羽柴秀吉
79,俾斯麥
80,金泳三
81,1958年
82,靈魂」
83,科龍港
84,蓋爾人
85,四次重差觀測術
86,西漢元封二年
87,隋文帝開皇九年四月，隋滅南陳
88,佛教
89,1861年
90,豐臣秀吉
91,三吳地區
92,英國
93,大躍進運動
94,國立武昌高等師範學校
95,蘇利南
96,1934年
97,檸檬酸咖啡因療法
98,1913年
99,1949年
100,大象
101,1915年
102,1600年
103,有絲分裂
104,德國
105,芝諾比亞
106,仁祖
107,十個
108,佛學論書
109,臺中高農
110,布倫瑞克
111,三天
112,1944年
113,安娜·德·薩伏伊皇后
114,咸豐帝
115,哈林河
116,孟加拉
117,
118,中原
119,60％
120,威廉·洛厄爾·普特南
121,主席
122,德國
123,陳寅恪
124,刺殺
125,未標準化
126,二千九百公尺
127,1939年
128,施里芬計劃
129,福建林家
130,用來運貨
131,公民權
132,西人黨
133,2013年
134,臺北
135,查莫洛人
136,杭縣
137,蘇聯
138,38%
139,1941年
140,多腔磁控管雷達技術
141,點石齋畫報
142,南越地區
143,
144,上吊方式
145,吉米卡特
146,李善蘭
147,布告各省公啟》
148,匈人阿提拉
149,德蘇戰爭
150,髒層
151,工業國家
152,1949年
153,《最終解決德國問題條約》
154,清光緒十七年
155,雕像
156,防止中國共產黨
157,65000平方公里
158,乙醚
159,唐玄宗
160,卡爾梅克人
161,1969年11月12日
162,63位
163,副大法官
164,古希臘時代
165,盧安達語
166,政府填海造地
167,蔣中正
168,農民
169,網景通訊公司
170,9月1日
171,1999年
172,《天淨沙》
173,七十年代
174,公元68年
175,趙佗
176,莎草紙
177,岑智明
178,普法戰爭
179,公元前362年
180,
181,28歲
182,1955年
183,保加利亞
184,三大優點
185,10度
186,社會黨
187,西歐
188,波士頓
189,1992年
190,下旋球
191,屯田兵制度
192,明朝
193,文藝復興
194,2000年
195,2012年
196,道縣玉蟾岩
197,第一次世界大戰
198,森林
199,阿森納
200,社會主義市場經濟
201,酒樓
202,1920年
203,美元
204,多倫多
205,在列車前面拉動
206,邊沁
207,中央情報局
208,梅莉·史翠普
209,電壓
210,受到中國與印度的文化所影響
211,亞歷山大一世
212,威尼斯影展
213,清涼
214,新北市
215,聯盟
216,甲午戰爭
217,克孜勒
218,三分天災，七分人禍
219,遺言
220,美觀
221,台中軟體園區
222,西部地區
223,1982年
224,1428年
225,天子
226,塔特拉山的格爾拉赫峰
227,莫斯科中山大學
228,發明家
229,2006年
230,
231,《人體器官移植條例》
232,1262年
233,增加米、糖等農作物產量
234,三倍
235,氫燃料
236,颱風
237,2016年
238,1968年
239,韓國
240,第一所美式大學
241,鋁土礦
242,萬神廟
243,鄒族
244,黑死病
245,2007年
246,查普曼
247,被動地位
248,2009年
249,洛杉磯湖人
250,溥[UNK]
251,中共蘇區中央局書記
252,單數局
253,廣東省政府委員會
254,遊戲
255,1951年
256,漢語拼音方案
257,1984年
258,高架車站
259,布倫瑞克造型藝術學院
260,法蘭西第二帝國
261,北角
262,全勝紀錄
263,夜間攔截任務
264,哥白尼日心說
265,濃度低
266,
267,明朝
268,1848年
269,1954年
270,1997年
271,自由韓國黨和中間偏左的共同民主黨
272,《南華早報》
273,麻痺嗅覺神經
274,佛像
275,阿聯
276,交通基建
277,步兵師
278,田川氏
279,天狼星在東方地平線的出現
280,自律心肌細胞
281,2011年
282,德語地區
283,機場
284,1237年
285,東羅馬
286,恭帝
287,德國
288,美國律師協會
289,1654年
290,唐代
291,廣開土大王
292,胡安·林茲
293,日本
294,1998年1月1日
295,恆星自行速率
296,司馬休之
297,細胞外的鈣離子
298,8月
299,羅納爾迪尼奧
300,苻融
301,火山活動
302,利奧三世
303,拉丁字母
304,要提升飛機的飛行安全
305,丁基羥基甲苯
306,中緬大戰
307,斯德哥爾摩
308,第三紀中新世
309,中華民國
310,高麗時期
311,齋藤季治郎
312,1997年
313,《馬德里議定書》
314,446種，粳稻和[UNK]稻共1083種
315,曹魏故都智慧之旅
316,威廉港的貨櫃碼頭亞德港
317,布爾什維克革命
318,金本位制度
319,邊沁
320,紅色
321,1928年
322,商品期貨
323,十多個
324,300美元
325,楊宇霆
326,貴州省最大
327,元世祖
328,混合動力自行車
329,數學
330,亞熱帶
331,經濟
332,氣流機制
333,朱一貴
334,農業生產
335,發球失誤
336,銃炮
337,1960年、1961年
338,1980年代
339,凱·艾維州長
340,[UNK]人國
341,1980年
342,希伯來文
343,第四心音
344,2010年
345,武漢
346,1868年
347,托土拉島
348,中華民國
349,倫敦大學
350,1970年代中期
351,岡仁波齊峰
352,1973年
353,突厥語民族
354,三菱重工業
355,南斯拉夫社會主義聯邦共和國
356,民主制度的恢復
357,硫
358,丹尼索瓦人混血
359,忽必烈
360,中國
361,2000年
362,蝸牛狀
363,奧地利
364,1955年
365,韓國
366,維京戈達島
367,1956年
368,史都華中校
369,1910年
370,突厥
371,親率蒙古主力軍十萬西征花剌子模
372,1988年
373,2011年
374,環境保護
375,巴爾的摩市
376,中華民國政府
377,學權部
378,分散了托爾金對學業的注意力
379,電子郵件
380,孔子
381,國歌紀念廣場
382,2005年
383,中國對處決犯人一直採取保密的措施
384,烏爾班八世
385,60年代
386,雙循環泵
387,1809年
388,日本國內市場狹小
389,32年
390,為迅速取得西線勝利
391,
392,盟旗制
393,材料與設計的影響
394,國家起源說
395,英國外科醫師
396,中興
397,宣統三年
398,1991年
399,《三國史記》
400,第二次工業革命
401,突厥語
402,市區有一條滿布商店和餐廳的大街直通碼頭
403,約翰·坎貝爾
404,8小時
405,百變天后
406,民國16年
407,國立廣東大學
408,亞伯拉罕諸教
409,六億七千多萬美金
410,妖怪
411,專家
412,中世紀佛蘭芒語
413,空氣
414,混亂
415,阿爾泰語系
416,皇太極
417,信陽市
418,5000至7000名
419,美國空軍准將
420,質量
421,科技
422,媽祖
423,[SEP]溫伯爵
424,計劃委員會
425,15米
426,蘇丹南部
427,驍騎尉」、「飛騎尉
428,行距[UNK]，株距[UNK]
429,2012年4月17日
430,太陽
431,那拉氏
432,辛酉政變
433,銅的礦物
434,統一企業
435,
436,生物學研究
437,陳誠
438,孫中山
439,單獨媾和
440,
441,九一八事變
442,1978年
443,天皇
444,731美元
445,阿拉巴馬州
446,嘉義市
447,保護農業生產
448,氣流機制
449,五角星
450,波斯薩珊王朝
451,航海工業
452,海岸高速路阿22，它以什勒斯維希-荷爾施泰因邦為起點，分別經過位於施塔德的規劃好的易北河隧道和位於代德斯多夫的威悉河隧道
453,匿蹤性能較佳
454,中國共產黨中央政治局常務委員會
455,1945年
456,一條簡單的直線
457,236路車
458,盟旗制
459,臺南州
460,布朗茜
461,地中海
462,一次大戰期間
463,決勝局
464,中華人民共和國
465,保守派
466,
467,《全唐詩》
468,1912年
469,1982年
470,七年
471,奧地利
472,貝爾實驗室
473,陳奕迅
474,吳三連
475,1917年
476,米勒
477,1月8日
478,掃雷艇部隊
479,海都之亂
480,多黨制
481,15年
482,80年代後
483,公元前第一個千年的中期
484,東晉時期
485,線傳飛控
486,光明星4號
487,烏孜別克人
488,2555公里
489,國共內戰
490,[UNK][UNK]
491,茲維亞德·加姆薩胡爾季阿
492,tram
493,小口徑速射炮
494,荀子
495,清朝
496,7年
497,微笑單車
498,將傳統的靜穩定
499,中國政法大學
500,瓜拿納中的咖啡因有時也被稱為瓜拿納因，而存在於瑪黛茶
501,二戰時期
502,鈉鹽
503,江戶時代
504,民國4年12月25日
505,佛倫丁畫家西格里
506,1992年
507,軍政
508,呂訥堡石楠草原南部的貝爾根
509,太白，號青蓮居士
510,朱棣
511,十億韓國」
512,反對者
513,小選舉區制
514,科索沃
515,反對資產階級自由化」運動
516,自由放任
517,生物技術
518,四年
519,段祺瑞
520,湯瑪斯伊格頓
521,中永和、新店
522,1925年
523,蝸頂
524,1970年代
525,中國人民銀行
526,後座雷達官
527,1975年
528,氫硫酸
529,獨裁作風
530,使編輯長頁面更容易
531,黨費
532,有性生殖
533,經濟建設
534,《中華民國臨時政府組織大綱》
535,港式酒樓
536,武力衝突
537,帕吉勒提河
538,西南美麗的地方
539,突出天空的遼闊高遠，以表現「天」的至高無上
540,義大利
541,2013年
542,許榮茂
543,1955年
544,運輸局
545,公元前一世紀
546,柵欄
547,1910年
548,老虎
549,狄拉克
550,唐太宗
551,健康寫實電影
552,1956年7月
553,天狼星
554,中生代
555,伊爾庫茨克國立大學
556,王罕
557,3千人
558,1789年
559,兩個雨季和兩個
560,杭州
561,朝鮮日治時期
562,藝聲
563,馬[UNK]
564,總兵官
565,金驢記》
566,哈大客運專線
567,漢風魏韻
568,自然科學
569,反文化運動
570,英國
571,唐文宗
572,轟炸機
573,都卜勒效應
574,義大利
575,中世紀的漢撒同盟時代
576,耳蝸核
577,刺史
578,18個
579,至元二十九年
580,保守派
581,次能、志賀二島
582,陶瓷
583,1980年代
584,法國
585,西佛羅里達
586,1997年
587,帖裏幹道
588,9年
589,聖母大學
590,1959年7月
591,18公里
592,國務院常務會議
593,20倍
594,喬治亞共和國
595,1943年
596,全面性
597,橫位
598,聯邦制
599,韓國
600,氯仿
601,土耳其人
602,瀕危物種
603,越戰
604,公民權
605,可再生能源發電
606,極端大陸性氣候
607,金華
608,1929年
609,法國電信
610,笛卡爾
611,1897年
612,中山盛產海鹽
613,華北財經辦事處
614,市場分析
615,海南站
616,2006年
617,家庭喜劇片
618,同性婚姻者，主張限制同志收養子女之自由，乃為保障子女利益
619,婦女
620,反對建文帝削藩
621,
622,朱熹
623,自由民主黨
624,反革命罪
625,植物
626,哈大客運專線
627,第五區
628,梵蒂岡的武裝軍事力量
629,1984年
630,漢武帝
631,關東地方
632,[SEP]盛頓會議的關係，日軍自延吉、[UNK]春撤軍，恩琴失去日方支持。7月6日蘇聯紅軍開入庫倫，恩琴被俘，蒙古獨立國成立。1921年7月11日，外蒙古建立親蘇的君主立憲政府。北洋政府下令命張作霖收復外蒙。張僅作了敷衍，並沒出兵至外蒙。11月25日外蒙古建立人民革命政權，並與蘇聯在1922年訂立了《蘇蒙修好條約》
633,巴黎聖母院
634,西方文明
635,東晉常[UNK]
636,1936年
637,預言的迷信
638,航太
639,五桂山
640,枇杷
641,嘉義市
642,農業
643,29個
644,民國31年
645,10月23日
646,《希臘、羅馬名人傳》
647,固有詞
648,第二次世界大戰
649,5000噸級
650,君士坦丁堡
651,2015年年底
652,古漢語
653,22年
654,阿列克修斯三世的女婿阿列克修斯·杜卡斯
655,君士坦丁三世
656,喜馬拉雅山脈
657,1937年
658,1964年
659,19世紀
660,油氣開發
661,外太空
662,明孝宗
663,阿圖什地方
664,普思沿邊行政總局第一區
665,1948年1月1日
666,照射紫外線
667,九一八事變
668,春秋
669,對大自然的崇拜
670,馬祖
671,1899年
672,鎮南縣
673,尼布楚條約
674,中央窩
675,利奧三世
676,殖民主義
677,奧德
678,30米
679,2000公厘
680,自主性
681,喬治麥克萊倫將軍
682,赤城鎮政府街1號
683,內層
684,羅非魚
685,潘普洛納
686,法國阿爾卑斯山礦泉
687,1851年
688,《臺灣府志》
689,埃及
690,八位
691,6比6時
692,民國28年
693,中央印製廠
694,傑伊條約
695,超新星
696,全斗煥
697,2006年
698,勝利鐘
699,索馬利亞政府司法系統
700,420年
701,軍隊編制問題
702,沈葆楨
703,韓國
704,1980年代
705,何韻詩
706,1925年
707,印度河流域文明
708,2014年
709,湘西土家族苗族自治州
710,許貢
711,少
712,北魏孝文帝
713,西寧王李定國
714,22條
715,公共健康與醫學領域
716,《新基本法令》
717,1962年
718,洪武三十一年
719,共產黨
720,奧匈帝國
721,蒙古王國
722,白矮星
723,咖啡因
724,司馬元顯
725,階梯狀
726,漳州人
727,6個小時
728,1651年
729,憲法
730,郭沫若
731,90年代
732,金日成
733,第5
734,愛德華·懷克-史密斯
735,西班牙瓦倫西亞
736,1787年
737,朱元璋
738,復仇
739,1898年
740,守舊派
741,古巴
742,端敬王后
743,中生代
744,約瑟夫史達林
745,中華人民共和國
746,維持議會的高度集權
747,抑制人口增加
748,蘇聯遠東軍
749,總理提出，由全國人民代表大會決定；在全國人民代表大會閉會期間，由全國人民代表大會常務委員會
750,福建社團聯會
751,棕矮星
752,嚇阻鳥群
753,推行反共政策
754,5～8％
755,日本
756,分子雲內部
757,鮮卑部落
758,法蘭西人
759,1918年
760,1939年
761,砲兵科第一名結業，張作霖升他為東三省巡閱使衛隊旅旅長
762,巴黎條約
763,1970年
764,麥迪遜分校
765,乾燥
766,麻赫穆德·喀什噶里
767,
768,資格賽賽制
769,周貽淦
770,民國16年
771,14世紀
772,三監之亂
773,周恩來
774,馬略
775,至元十三年
776,磷化氫
777,1970年代
778,圖西族
779,聖餐持紀念說
780,空腹死刑
781,《三國史記
782,地心說
783,長沙太守
784,熱遲滯
785,1978年
786,上海
787,比利時
788,濃硫酸
789,畢達哥拉斯主義
790,兄弟國的盟約
791,2011年
792,二氧化硫
793,1979年
794,義大利
795,農業
796,卡拉恰伊湖
797,宋理宗
798,匈人阿提拉
799,
800,民主黨
801,日本
802,二戰的爆發
803,1976年
804,上海
805,1949年
806,麻省理工學院
807,階級社會
808,1920年代
809,部隊局
810,1449年
811,1986年
812,隆武帝
813,第一次世界大戰
814,孫叔敖
815,托爾金
816,雙汗制
817,78歲
818,半軍事管制
819,中華全國體育總會
820,恆星自轉
821,人文關懷
822,1972年
823,《墮胎法》
824,軍閥混戰
825,中國共產黨解放軍
826,韓國
827,人民頻繁的遷移
828,公元7世紀
829,境外節目
830,法國的最高權力
831,匈牙利
832,1979年
833,隋文帝開皇九年四月，隋滅南陳
834,上海遷入蘇區
835,
836,太陽在星空背景被用來創造了曆法
837,1940年
838,文化人類學
839,1987年
840,待在社福機構
841,汾河
842,關漢卿
843,湯玉麟
844,陳平順
845,主序帶
846,羅貝爾
847,節省用地
848,1955年
849,蒙古入聯合國
850,金石並用時代
851,天皇
852,朝鮮白頭山
853,德國人
854,2013年
855,羅馬帝國
856,重力
857,第一目擊者
858,生存競爭中自由淘汰
859,1987年
860,韓國
861,王孝通
862,哈比亞利馬納
863,船長
864,阿瓦魯阿
865,馮玉
866,基因特質
867,印地語
868,焦爾達諾·布魯諾
869,乾隆
870,秧苗長高約八公分
871,過渡期
872,民國43年
873,地質類學科
874,研究員
875,瓜拿納因子
876,狄奧多西
877,2016年2月10日
878,一日生活圈」變成了「半日生活圈
879,美西戰爭
880,尊漢思想
881,蒂羅爾
882,宙斯的戀人之一：埃歐，祂是希拉的女祭司
883,供應服務過多
884,1910年革命
885,鎬京
886,逐水草而居
887,杜慧度
888,憲政改革
889,英國
890,斯塔福德郡
891,義熙十四年
892,劉少奇
893,1922年
894,初中
895,人類想像與傳說
896,東德使館
897,冷戰時期
898,1971到1985年
899,黑洞
900,顯微注射
901,馬可波羅
902,新羅馬
903,滬寧鐵路
904,離岸人民幣
905,《倫敦條約》
906,路德
907,生育自主權
908,燃燒燃料
909,加拿大第三師
910,120天
911,1950年代
912,文藝復興運動
913,性犯罪
914,復興式
915,楚州
916,1590年
917,1949到1961年
918,西部魯爾區
919,
920,銀河系
921,春秋時期
922,嚴密
923,媒體維基
924,人文
925,2000年
926,7個
927,1949年1月1日
928,1884年
929,俄國
930,大慶油田
931,私立大學
932,
933,早期韓國華僑的聚集所在
934,李雄
935,許榮茂
936,汪大淵
937,漢語
938,[UNK]稻
939,宋真宗
940,120%
941,
942,9月
943,其副汗或小汗多帶有伊利的的稱號
944,唐德剛
945,路易十四
946,韓國
947,0.07個太陽質量
948,閩南人
949,28年
950,李煥之
951,公共汽車
952,核質
953,石排灣
954,東正教
955,八角鼓
956,迦太基式的和平
957,文化大革命
958,1642年
959,徐載弼
960,貴由
961,匈奴人
962,芝加哥大學
963,造船業
964,射速慢
965,紐格威森林
966,2012年
967,拿破崙
968,屋大維
969,166年
970,太極兩儀
971,市場經濟
972,1961年
973,亞歷山大六世
974,
975,悼念周恩來集會並稱「四五運動
976,20世紀60年代
977,1958年底
978,胡漢分治的制度
979,涵元門
980,趙翼
981,漢文
982,12次
983,科學社會學
984,1138公頃
985,《中華人民共和國村民委員會組織法》
986,俄羅斯
987,聯合國專家
988,票房
989,南部沿海地區
990,國大黨
991,白[UNK]紀滅絕事件
992,模特
993,上帝創造萬物
994,1258年
995,元朝
996,1929年
997,1972年
998,鐵製蒸汽船
999,文森特
1000,環境保護主義
1001,詹姆士·麥迪遜
1002,1961年
1003,蘇聯紅軍
1004,
1005,1991年
1006,摩利爾法學院
1007,太陽
1008,修道主義
1009,1999年
1010,亞歷山大漢密爾頓
1011,中國
1012,1960年
1013,國務委員會委員長
1014,紐約尼克
1015,蓋戳
1016,東校區
1017,100萬到1兆倍
1018,第三代
1019,匈奴
1020,9月6日
1021,貴族
1022,工程化核酸酶
1023,伊薩克二世
1024,統帥
1025,外部刺激
1026,蔣中正
1027,臺灣本身財政負擔
1028,武漢行營副主任
1029,躲避戰亂
1030,朝鮮半島
1031,
1032,狄拉克
1033,落實外交政策
1034,1823年
1035,40個
1036,三人團
1037,舊石器時代晚期
1038,166年
1039,荀子
1040,集團軍
1041,法政專門學校
1042,尷尬事件
1043,愷撒
1044,韓語
1045,倫敦霍洛威
1046,佛教
1047,烏爾蘇拉
1048,1964年
1049,恆河
1050,維持現狀
1051,挪威
1052,南北戰爭
1053,軍事介入失敗
1054,南華縣
1055,英國
1056,李紳
1057,路面電車
1058,帝位世襲
1059,1060公釐
1060,1941年
1061,唐史學家
1062,荊州劉表
1063,慶元
1064,軍事委員會北平分會副委員長
1065,
1066,石油危機
1067,唐朝
1068,奧斯陸峽灣
1069,1920年
1070,硫代硫酸氨
1071,《金雲翹傳》
1072,89萬人
1073,1910年
1074,1627年
1075,區域性污染
1076,阿內加達島
1077,唐生智
1078,夏季
1079,地方法院
1080,奧古斯都
1081,6世紀
1082,24所
1083,甘肅省
1084,領先盤
1085,1所
1086,耶穌會
1087,一個中央窩，有些鳥有兩個
1088,破四舊」
1089,三次
1090,為了獲得大寧地區的駐牧權，聯合了當時頗為強大
1091,俗語
1092,郭松齡
1093,爆炸性
1094,第二殖邊督辦公署
1095,明朝時期
1096,1968年
1097,
1098,1932年
1099,吉田定房
1100,世稱恭順
1101,
1102,抗日戰爭
1103,財產資格限制
1104,吳國
1105,汗位取得不合法
1106,奧東·德拉羅什
1107,海旁東
1108,帕塔普斯科河
1109,1945年
1110,義熙十一年
1111,戰時研發商
1112,赫爾辛基
1113,《男人四十》
1114,羅馬帝國
1115,1846年
1116,辛亥革命
1117,史夔
1118,「合會朱陸」
1119,阿希佩戈拉公國
1120,坦尚尼亞
1121,亞歷山大一世
1122,加州尤巴城
1123,君主
1124,天下人
1125,日本
1126,尼古拉斯·尼葛洛龐帝
1127,朱序
1128,石油危機
1129,教育產業化
1130,1992年
1131,康拉德·阿登納
1132,山東半島
1133,聖奧古斯丁
1134,公元185年
1135,中國自治組織
1136,大正天皇
1137,西區圖書館
1138,北齊
1139,足利義輝
1140,內戰
1141,中華人民共和國衛生部
1142,人人平等
1143,斯拉夫人
1144,第4
1145,聯邦制
1146,1799年，幕府將東蝦夷地改為幕府直轄地。1807年
1147,英國
1148,瑞士蘇黎世州
1149,七月初四
1150,德國
1151,76間
1152,民國19年
1153,50元
1154,
1155,2次
1156,免耕拋秧法
1157,七個
1158,周恩來
1159,卡加梅
1160,12個王朝及93位
1161,天城體
1162,5月17日
1163,財務分析
1164,武力
1165,海軍中尉
1166,德川家康
1167,空射火箭
1168,1836年
1169,敘利亞
1170,4千
1171,德里克·羅勃茲
1172,伊斯蘭教
1173,地球號
1174,哥廷根亨德爾國際音樂節
1175,滬昆高速公路
1176,夜裡10點至翌日凌晨6點
1177,法國
1178,歐德謨
1179,道本頓
1180,通州張家灣
1181,青春勵志片
1182,《血盟救國軍軍歌》
1183,廣州
1184,聽診器
1185,病逝
1186,唯泰主義
1187,
1188,《海峽兩岸服務貿易協議》
1189,
1190,自由主義
1191,1874年
1192,同步
1193,卡斯特拉
1194,李克強
1195,河東道
1196,
1197,希波丹姆
1198,熱帶稀樹草原
1199,日本
1200,抗日民族統一戰線的具體組織形式
1201,63個
1202,46公里
1203,十六世紀
1204,帕多瓦大學
1205,八千多年前
1206,吉隆坡
1207,1885年
1208,塢堡
1209,發展局
1210,稀薄
1211,北京電視台
1212,[UNK]州縣
1213,十月革命
1214,德國
1215,美國大學協會
1216,公共教育經費
1217,日本關東軍
1218,開京
1219,美國大蕭條時期
1220,
1221,拉丁人
1222,明文
1223,陳誠
1224,全印穆斯林聯盟
1225,通古斯人壓力
1226,喇嘛教
1227,鎌倉時代
1228,太陽
1229,建設中國特色社會主義
1230,劉裕
1231,東正教
1232,威尼斯
1233,佛教
1234,三代
1235,東正教
1236,臺北市
1237,鄧小平
1238,南斯拉夫
1239,武陵、南郡
1240,殺蟲
1241,法國大革命
1242,自由韓國黨
1243,否決權
1244,二十世紀
1245,積極進攻
1246,加拿大
1247,1926年
1248,義大利汽車之都
1249,火箭發動機
1250,機械門控通道
1251,在軌道上驅動列車
1252,聖喬治拉丁文學校
1253,23年
1254,1948年12月1日
1255,元武宗
1256,私兵制度
1257,魏博拉盧比民達行業工會
1258,文章奧府
1259,配子
1260,非洲
1261,瓊州海峽
1262,安德魯約翰遜
1263,普林斯頓大學
1264,
1265,釣魚台國賓館
1266,伊達政宗
1267,量子物理學
1268,民國5年
1269,金融廳
1270,潘章
1271,班傑明·富蘭克林
1272,高雄
1273,第三代
1274,日美神奈川條約
1275,北京
1276,晶體狀態
1277,哈利里德
1278,
1279,柏拉圖
1280,波蘭
1281,907事件
1282,
1283,改良式
1284,表演工作坊於1985年推出舞台劇『那一夜，我們說相聲』
1285,二人對弈
1286,1860年
1287,全球資訊網
1288,八月
1289,行為主義
1290,廣州話
1291,張伯倫
1292,粳稻
1293,挪威
1294,700多個配置設定和超過1800個
1295,郵政集團公司
1296,承諾給予興、泉、漳、潮四郡為封地；鄭成功以兵馬繁多，非數省不足安插為由，再拒絕之。八月，清又遣使往議；鄭成功的親弟鄭渡、鄭蔭也在使節之中。鄭成功稱清朝沒有誠意
1297,我們就是人民！」
1298,亞裔安納托利亞人
1299,福島縣會津地區
1300,1913年
1301,土地銷售
1302,阿拉曼人
1303,史蒂夫·鮑爾默
1304,天花病
1305,牡丹峰樂團
1306,印度
1307,3座
1308,周敦頤
1309,下薩克森邦
1310,朱利烏斯·凱撒
1311,豫
1312,1919年4月13日
1313,1133515人
1314,喃字
1315,排灣族
1316,牛津大學
1317,普選制度
1318,高宗
1319,2015年
1320,1969年
1321,自由民主黨
1322,三合院
1323,一綱多本
1324,488年
1325,病態賭徒
1326,人民代表大會
1327,外太空
1328,黃中理
1329,中山先生建國大綱
1330,西班牙
1331,1905年
1332,美國
1333,鐵
1334,拿破崙
1335,廣東省
1336,聖母大學
1337,羅馬法
1338,應用心理學家
1339,希臘
1340,拉丁字母
1341,《中俄密約》
1342,卡普拉
1343,雙重國籍
1344,24英吋克拉克望遠鏡
1345,生物質
1346,秘書處
1347,焚燒
1348,66種
1349,類比訊號
1350,回族
1351,視錐細胞
1352,人口眾多
1353,威廉二世
1354,遵義會議
1355,《我於青春無悔》
1356,君士坦丁大帝
1357,國際網球總會
1358,8月26日
1359,希臘字母
1360,李景隆
1361,外交手段
1362,1887年
1363,2008年
1364,阿基米德
1365,2010年
1366,1918年
1367,對刺激的回應
1368,魯宗之
1369,企圖顛覆德川幕府陰謀
1370,朝鮮王朝
1371,2012年
1372,生物動力學
1373,印度洋暖濕氣流
1374,太白山脈
1375,廓索維茨
1376,耐高溫
1377,民國十八年
1378,濟州島
1379,一萬兌一
1380,25個
1381,整軍協定
1382,1996年
1383,1985年
1384,4世紀
1385,極端封閉的社會
1386,13世紀
1387,九龍灣站
1388,1980年代
1389,1997年
1390,愛爾蘭國立大學
1391,折下吉延
1392,越南
1393,1914年
1394,盡一分努力
1395,66種
1396,能源的需求持續增長
1397,女性
1398,40倍
1399,1956年
1400,白色不透明
1401,1843年直接吞併了信德富庶的小土邦，1856年
1402,忽必烈
1403,反革命事件
1404,王光美
1405,理察·科伯恩·麥克勞林
1406,東德
1407,1624年
1408,15%
1409,蔣中正
1410,奈及利亞
1411,亞洲
1412,2000年
1413,重力作用
1414,桑
1415,二戰
1416,2013年2月11日
1417,1973年
1418,起義不是偶然事件，同時爭取民族權利
1419,南開中學，早年短期留學日本明治大學
1420,科學家」，而被視為科學上的哲學家
1421,10萬人
1422,惠宗
1423,抗佝[UNK]病
1424,馬來-玻里尼西亞語族
1425,
1426,預算限制
1427,意識型態
1428,蘇美爾人
1429,元代
1430,43人
1431,限制性消化
1432,劉氏
1433,超級模特兒
1434,兩層
1435,志費尼
1436,中國共產黨
1437,《鋼鐵是怎樣煉成的》
1438,1994年12月1日
1439,最高榮譽大獎
1440,摩門教
1441,1986年
1442,《安邦定國誌》
1443,百越族
1444,省級公園
1445,米高彭博
1446,伊斯蘭教
1447,徐樹錚
1448,明太祖
1449,歷史博物館
1450,阿內加達島
1451,對空警戒
1452,外國不可能介入內戰
1453,南朝鮮
1454,關島原住民
1455,公共救濟
1456,德國
1457,大學
1458,九龍灣
1459,南昌分局
1460,佛教
1461,陳朝
1462,11000間
1463,有色人種
1464,南斯拉夫共產黨
1465,漢諾威
1466,中央電視台高清綜合頻道
1467,石亭之戰
1468,《蘇蒙修好條約》
1469,主體史學
1470,心內膜墊
1471,1662年
1472,1884年
1473,第二產業
1474,德國
1475,伍斯特
1476,光度
1477,嚴重的流血
1478,張議潮
1479,新幾內亞
1480,正德十三年
1481,瘟疫四竄
1482,法國
1483,喜馬拉雅山
1484,孟加拉
1485,沙俄
1486,200萬
1487,黑龍江
1488,1992年
1489,北角
1490,新界
1491,蔣中正
1492,大和國
1493,佛教
1494,基底膜活動
1495,無性生殖
1496,
1497,母親病危
1498,巴塞隆納奧運
1499,鬍鬚狀
1500,阿拉巴馬州
1501,海祭
1502,[UNK]-4戰鬥機
1503,額我略十二世
1504,2010年上海世界博覽會的召開
1505,1980年
1506,1958年
1507,俄羅斯聯邦軍隊
1508,南方墨點法
1509,路易斯一世
1510,《時代》雜誌
1511,極權主義
1512,《布列斯特-立陶夫斯克條約》
1513,園林家
1514,布列塔尼半島美國
1515,後燃器
1516,曼諾球場
1517,東吳
1518,海煤
1519,自體授粉
1520,1932年
1521,想取快錢
1522,徐家匯
1523,比爾蓋茲
1524,忽必烈
1525,廣東人
1526,南斯拉夫內戰
1527,《塘沽協定》
1528,烏蘭烏德
1529,1897年
1530,巴拉克·歐巴馬
1531,2008年1月27日
1532,降低成本
1533,
1534,杭州[UNK]橋機場
1535,哥德人
1536,不願送死
1537,地方官員
1538,興王
1539,衛奕信
1540,非歐幾里得幾何
1541,2009年
1542,全國重點文物保護單位
1543,忽必烈
1544,茶峒鎮
1545,稀薄的埃歐大氣
1546,惠金斯原理
1547,松花江
1548,波士頓理工
1549,兩年
1550,2010年
1551,便於管理漢地
1552,喬托號
1553,確切的數字
1554,烏里雅蘇臺將軍
1555,聖西門主義
1556,日治時期
1557,蔡[UNK]
1558,中國
1559,大理寺狀》
1560,澳大利亞新南威爾斯州
1561,太陽運動
1562,聖方濟·沙勿略
1563,羅馬共和國時期
1564,細毛
1565,韓國
1566,藍屋
1567,薩伊
1568,85天
1569,五個
1570,張三祿
1571,15世紀
1572,文藝喜劇片
1573,劉琮
1574,高血壓
1575,北燕
1576,《中華人民共和國全民所有制工業企業法》
1577,生態學
1578,城市物質形態
1579,環境保護主義
1580,773年
1581,懷柔區
1582,七間
1583,民間反應不佳
1584,光緒十年
1585,1970年代
1586,希臘語
1587,西班牙
1588,神經源性
1589,加拿大
1590,七個
1591,安定
1592,德國郵政
1593,乾旱
1594,《內戰記》
1595,台北都會區
1596,甲午戰爭
1597,政府採取反共措施
1598,1910年
1599,拉丁字母
1600,1935年
1601,四角號碼檢字法
1602,8.6%
1603,浙江海商
1604,巴西
1605,歐洲聯盟委員會
1606,增加西側的空曠程度
1607,德國
1608,蘇聯
1609,七年戰爭
1610,海拔100米
1611,胃食管反流病
1612,國民政府
1613,漢江
1614,青光眼
1615,狄托主義
1616,學權部
1617,1984年
1618,噴射發動機和火箭發動機
1619,5位
1620,芽孢炭疽桿菌
1621,1945年
1622,北宋
1623,米高梅
1624,1988年
1625,記錄」號
1626,英國
1627,耶穌會
1628,一戰前夕
1629,鐵鉉
1630,張伯倫
1631,《義勇軍進行曲》
1632,棉花
1633,卡洛·埃馬努埃萊一世
1634,賀知章
1635,犯人流放之地
1636,漢人不斷侵佔平埔族土地，迫使平埔族漢化
1637,恆星
1638,貝加爾湖
1639,厄德
1640,
1641,儒教興盛
1642,絕無懼色
1643,克里斯蒂安尼亞
1644,無限制潛艇戰
1645,哈大客運專線
1646,亞熱帶常綠闊葉林
1647,1947年
1648,普法戰爭
1649,博尼法斯二世
1650,約翰·莫根
1651,耐腐蝕性
1652,1835年
1653,咖啡因
1654,革命外交」政策
1655,1972年
1656,保衛大都
1657,汪精衛
1658,體育部
1659,斜方晶八面體和單斜棱晶體
1660,直系軍閥
1661,水牛城勇士
1662,孫中山
1663,七月十一
1664,訪客觀賞區
1665,殖民政策
1666,[UNK]染色體
1667,咖啡俱樂部
1668,16世紀
1669,龍捲風走廊
1670,配子
1671,猶太人
1672,孟郊
1673,佩德納萊斯河，德克薩斯州石牆郡
1674,皖系軍閥
1675,
1676,1964年
1677,1967年
1678,奧古斯都
1679,哲布尊丹巴
1680,丁[UNK]
1681,制訂政策
1682,1861年2月9日
1683,閏3月19日
1684,漢字
1685,安托萬·拉瓦錫
1686,伊斯蘭教
1687,壓力梯度
1688,周文公
1689,參議院
1690,
1691,盧安達法郎
1692,皖南獨立團為基幹的皖浙贛獨立團
1693,德川家康
1694,經濟蕭條
1695,世族
1696,1853年
1697,新加坡
1698,民國33年
1699,1270年
1700,動力系統
1701,北源沮水、中源漾水河、南源玉帶河
1702,中山市
1703,俄羅斯
1704,諸葛亮
1705,江河級
1706,2015年度
1707,21473平方公里
1708,傳教士
1709,颶風依莎貝爾
1710,世界氣象組織
1711,衣服布料
1712,海河流域
1713,蒙哥
1714,700家
1715,中國溧陽茶葉節
1716,全市綠化比例高
1717,收到十二道金牌班師回朝之時
1718,印尼
1719,大汗的汗庭
1720,4月
1721,7980年
1722,1962年
1723,青島海軍基地
1724,姑臧
1725,售票處
1726,張作霖
1727,波蘭進入戰時狀態
1728,西方遊客
1729,視網膜神經節細胞
1730,黎元洪
1731,于鳳至
1732,中華民國台灣
1733,第二次世界大戰
1734,1961年
1735,白光
1736,陳誠
1737,1966年
1738,奈特·麥克米蘭
1739,無佛像時代
1740,1977年
1741,白色
1742,自由聯合關係
1743,三次
1744,英國
1745,沒有與沒帶暫住證、務工證和身份證的公民特別是農民工不時地被執法人員關押和處以罰金，在現實中已違背救助的立法原意，被濫用於亂收費、勒索、非法拘禁、強制勞動。在孫志剛事件
1746,《劃一現行各道地方行政官廳組織令》
1747,建築於高山上的城堡
1748,1948年
1749,蒸汽膨脹
1750,隋[UNK]帝
1751,石碇區石碇里
1752,日本
1753,美國心臟學會
1754,大英帝國
1755,《八篇書》
1756,美軍
1757,薩爾
1758,路易
1759,合作派
1760,思覺失調症
1761,
1762,1個
1763,1990年代
1764,阿弗剌昔牙卜
1765,24%
1766,高麗國
1767,後現代主義
1768,1828年
1769,第三名
1770,委員會
1771,西安招待所
1772,1349年
1773,湯瑪斯傑佛遜
1774,新春期間
1775,郵值標籤
1776,羅尼姆斯·沃爾夫
1777,1989年
1778,公元前146年
1779,農耕節
1780,俄國革命
1781,制衡德軍
1782,苻堅崇尚儒學，獎勵文教。他任漢人王猛
1783,西洋棋殘局
1784,敵我矛盾
1785,獨立性
1786,[SEP]的書信現存約900封，主要包括《致阿提庫斯書》16卷、《致友人書》16卷
1787,0.01%
1788,湖熟
1789,英國
1790,木衛一
1791,愛滋病毒
1792,1993年
1793,外蒙古
1794,張聞天
1795,號稱效率，工作者的烏托邦
1796,法家
1797,五個
1798,過於偏遠
1799,安大略湖
1800,羊肉
1801,朝鮮王朝
1802,劉駿
1803,恆河運河
1804,雙重匯率制度
1805,英國
1806,羅納德·麥克林海軍陸戰隊中尉於越戰時陣亡，得年24歲。女兒凱莉·史都華博士
1807,意識形態
1808,十六歲
1809,法國
1810,1928年
1811,5個
1812,[UNK]
1813,曼哈頓
1814,清咸豐年間
1815,君士坦提烏斯
1816,吳兆南
1817,彌生人
1818,甲醇
1819,太祖王
1820,牛隻列印問題
1821,英國
1822,隱遁鄉里
1823,中國
1824,1590年
1825,1941年
1826,細胞核
1827,放氣減壓
1828,十月革命
1829,俄羅斯
1830,壓縮空氣
1831,幅員遼闊
1832,1943年
1833,多倫多地區
1834,
1835,超過9倍太陽質量
1836,儒勒·凡爾納和英國人赫伯特·喬治·威爾斯
1837,硫
1838,資產負債表
1839,德川家康
1840,日本
1841,+26等
1842,
1843,朝鮮
1844,1789年
1845,下薩克森邦邦政府
1846,泰勒斯
1847,32.8%
1848,24小時內自萊茵河發動入侵
1849,鮑羅廷
1850,杜林
1851,金合歡
1852,13倍
1853,黃埔軍校
1854,《紅樓夢》
1855,一百多年
1856,1920年
1857,雲南
1858,14世紀末至20世紀初
1859,電子郵票
1860,儒字
1861,洗劫君士坦丁堡
1862,尚比亞
1863,俄國
1864,成熟階段
1865,閉門思過
1866,吠陀梵語
1867,1950年代
1868,羅伯特·波義耳
1869,湯·韋迪加
1870,托木斯克州
1871,提奧多雷
1872,軍用航太
1873,
1874,一夫一妻多妾制
1875,伊莉莎白
1876,義大利
1877,1884年
1878,1932年
1879,《天國的階梯》
1880,路易-菲利普
1881,阿布巴卡爾
1882,台北曲藝團
1883,《古魯·格蘭特·薩希卜》
1884,1865年
1885,翟中和
1886,1924年
1887,中央印製廠
1888,9%
1889,楊宇霆
1890,法國
1891,吉米·史都華
1892,周恩來
1893,順治帝再度敕封，並承諾給予一府之地安置兵將，鄭成功仍不接受
1894,光化學煙霧
1895,藍營優勢區；至於較為周邊的行政區，則是藍綠各有所長。惟在地方民代以下層級的選舉，泛藍的國民黨
1896,國務會議
1897,
1898,輪椅網球比賽
1899,三名
1900,中日甲午戰爭
1901,金門
1902,電氣化鐵路
1903,古代朝鮮》
1904,2006年
1905,實業部
1906,1981年
1907,多倫多
1908,大學生的城市
1909,約翰·洛克菲勒
1910,1960年代
1911,1815年
1912,甘迺迪
1913,胡季[UNK]
1914,孟德爾定律
1915,議會制
1916,2013年
1917,東西伯利亞喇嘛教則例
1918,莫斯科
1919,五分之一
1920,《英語詞典》
1921,魔獸世界
1922,克倫威爾路
1923,《聖拿河之戰》
1924,法國
1925,火山釋放的硫
1926,俄羅斯帝國
1927,水門事件
1928,中山
1929,閻錫山
1930,1997年
1931,托爾金
1932,龍興之地
1933,開放市場的需要
1934,阿伊努人
1935,1919年
1936,五倍
1937,原子能
1938,艾森豪
1939,3400萬
1940,雙手反拍
1941,帕西瓦爾·洛厄爾
1942,二二八事件
1943,紅色
1944,澎湖
1945,亞硫酸
1946,理學
1947,1998年
1948,民國時期
1949,毛澤東
1950,1950年
1951,高輻射的環境
1952,維基媒體
1953,二氧化碳
1954,1939年
1955,霧季
1956,城堡
1957,哲學原理研究
1958,1997年
1959,第六次全國人口普查
1960,
1961,1455年
1962,鄧穎超
1963,宇宙秩序
1964,傳統音樂
1965,提防燕王謀反
1966,法國
1967,保加利亞
1968,恢復市場的功能，以邁向生產力理論
1969,北非的希波大會
1970,中華民國政府
1971,1834年
1972,淋巴液
1973,償命
1974,1901年
1975,十八歲
1976,不加水，只用高溫使米膨脹
1977,農歷新年
1978,阿布海兒汗時代
1979,活塞發動機
1980,1312年
1981,1970年
1982,30℃
1983,以色列
1984,宦官與宮女的結合
1985,兩個
1986,對日抗戰
1987,1989年
1988,元武宗
1989,天文學家
1990,毛澤東
1991,中國
1992,國際非政府組織
1993,2014年12月
1994,台北南港軟體園區
1995,台北市立體育場
1996,曹議金
1997,冷戰期間
1998,1893年
1999,收容遣送制度
2000,中國國民黨
2001,《一種美味》
2002,狄拉克
2003,金黃飽滿
2004,移民實邊
2005,水軍
2006,中國青年黨
2007,矽燃燒過程
2008,劉少奇
2009,洛桑國際管理學院
2010,2010年
2011,著陸
2012,顛覆中共政府的政治目的
2013,丹尼爾奧爾特加
2014,幾何學
2015,1998年1月1日
2016,《風之國度》
2017,拜占庭政府中的蠻族事務局
2018,噶爾丹入侵喀爾喀時喀爾喀人
2019,首席的元老
2020,
2021,阿普列尤斯
2022,猶太人
2023,光度
2024,克萊斯勒貸款法案
2025,省務會議
2026,1610年1月7日
2027,荷蘭
2028,喬治亞
2029,1835年
2030,六四天安門事件
2031,類比訊號
2032,通俗的
2033,每秒30轉
2034,伯利恆修道院
2035,1955年
2036,1987年
2037,洪堡
2038,1847年
2039,唐玄宗
2040,1968年
2041,不動產
2042,英文縮寫首字母
2043,林肯總統
2044,風景怡人
2045,元末民變
2046,黑土地
2047,教育副官
2048,1599年
2049,3期
2050,香港國際機場
2051,暴力革命
2052,段祺瑞
2053,普魯士
2054,高句麗
2055,西伯利亞鐵路
2056,溧陽
2057,學會部
2058,富蘭克林·德拉諾·羅斯福
2059,科什圖尼察
2060,1600個
2061,婦女投票權
2062,500毫升
2063,古代
2064,民國十四年
2065,蒙古人
2066,正德十三年
2067,閏盤
2068,愛爾蘭共和國
2069,經濟學人智庫
2070,毛澤東
2071,蒙哥汗在合州的釣魚城之戰戰死
2072,瀧川
2073,莫高窟
2074,電穿孔細胞
2075,聖方濟各沙勿略堂
2076,13次
2077,1924年
2078,梁啟超
2079,商品期貨
2080,宮田製銃所
2081,經濟問題
2082,1米93
2083,鹿兒島
2084,家庭傭工
2085,縱貫鐵路山線段
2086,《1956年清潔空氣法》
2087,傑米尼安諾·蒙塔納利
2088,大陸新移民
2089,亞里斯多德
2090,教法
2091,消耗戰
2092,菲利浦五世
2093,阿爾卑斯山
2094,炮兵科教官
2095,1984年
2096,何鳳山
2097,一億光年
2098,1995年
2099,閃光星
2100,俄語
2101,阿爾法級別
2102,19世紀
2103,草本
2104,涵元殿
2105,奧古斯特·魏斯曼
2106,1971年
2107,英國
2108,馮國璋
2109,增強孩子免疫
2110,民國18年
2111,年降雨量
2112,1913年
2113,法國東部
2114,灣仔
2115,繼承希臘文化
2116,南亞
2117,婆羅摩笈多
2118,貝聿銘
2119,世界的中心
2120,第53
2121,工業革命
2122,耶穌會
2123,一次世界大戰時期
2124,安眠藥
2125,史坦波中心
2126,科學怪人》
2127,詹姆士·波爾克·詹森
2128,[UNK]-16
2129,日本
2130,麥健時報告書
2131,江蘇淮安
2132,朱齡石
2133,中共中央副主席
2134,坦克
2135,鈣離子
2136,普洱專區
2137,被僱人
2138,英國倫敦溫布頓
2139,奸臣
2140,1529年
2141,佐世保重工業
2142,申城
2143,德川家
2144,河川
2145,岩石圈
2146,香港日治時期
2147,聯邦儲備系統
2148,1925年
2149,1926年
2150,德國
2151,亞熱帶
2152,1975年
2153,日本
2154,反共思想
2155,首爾話
2156,俄羅斯車里雅賓斯克
2157,王藍
2158,胡錦濤
2159,東晉元帝
2160,日冕
2161,漢字
2162,[UNK][UNK]絲綢之路
2163,5642米
2164,殺蟲劑中毒
2165,寮國
2166,產業工會聯合會
2167,京杭大運河
2168,薩繆爾
2169,南奧塞提亞自治區
2170,浮動匯率制度
2171,農業
2172,秋天
2173,黑龍江
2174,永興
2175,雲南省
2176,德國
2177,土地改革
2178,陽邁二世
2179,艾瑪·史東
2180,一大批來自原第三帝國東部的難民
2181,聯邦在內戰中取勝
2182,玉泉北路
2183,1789年
2184,280天
2185,旅遊業
2186,柏拉圖
2187,國家地質總局
2188,2007年
2189,國家歷史文化名城稱號
2190,維基媒體基金會
2191,一省
2192,亞穆納河
2193,高昂的嫁妝
2194,
2195,最佳演唱團體獎
2196,君主妾室
2197,防火能力
2198,現代精神醫學
2199,機炮
2200,寧古塔副都統
2201,德國柏林影展
2202,接合
2203,第四心音
2204,李白
2205,世襲制度
2206,韓國海關
2207,英屬印度
2208,2009年
2209,牛胃氣膨脹
2210,中源漾水河、南源玉帶河三個源頭，均位於陝西省漢中市內。中源漾水河發源於寧強縣東北部，流程較短。南源玉帶河發源於寧強縣南部，長101公里。北源沮水發源於留壩縣與寶雞市鳳縣交界的紫柏山南麓的黃花坪溝，向西南流，穿過勉縣後，在略陽縣內的黑河壩鄉與白河
2211,吠陀梵語
2212,東晉之前
2213,超級模特兒
2214,印第安納大學俱樂部
2215,噴射戰鬥機
2216,1960年代
2217,福爾摩沙高速公路
2218,高科技產業
2219,東芝
2220,新北市
2221,川本芳昭
2222,伊斯蘭教
2223,一年
2224,借高利貸
2225,八六學潮
2226,2002年
2227,1204年
2228,民國2年
2229,第一公民
2230,現代主義
2231,天主教
2232,美利堅聯盟國
2233,克勞狄二世
2234,1958年
2235,1904年
2236,數學科幻
2237,心室底壁組織
2238,美國
2239,湯瑪斯·勃蘭契特·瑞德
2240,周恩來
2241,超音速
2242,[UNK]-51戰鬥機
2243,日本
2244,1939年
2245,模擬別人的言行
2246,1905年
2247,李察·賓特利
2248,印尼
2249,清初
2250,荊州
2251,摩利爾法學院
2252,28個
2253,克里米亞戰爭
2254,
2255,北京
2256,1945年
2257,倭寇
2258,閉關鎖國
2259,1972年
2260,2011年
2261,史達林
2262,佳木斯
2263,1918年
2264,年輕恆星
2265,非金屬類材料
2266,阿拉貢王國
2267,聯合國人權委員會
2268,庫里爾台大會
2269,電漿態的氫
2270,頭先生下來。有些時候會有臀位的情況。助產士仍然能從陰道接生臀先露的情況。但是某些地區很難找到有經驗有意願的助手。臀位有好幾種狀況：完全臀位：最常見。孩子的屁股
2271,費城學院
2272,二氧化碳
2273,穀類作物
2274,毛奇
2275,[UNK]染色體
2276,後代
2277,熱帶草原氣候
2278,王白駒
2279,劉備
2280,第四心音
2281,咸康七年
2282,耐高溫
2283,道格拉斯
2284,玉米
2285,東部
2286,三個
2287,民國25年
2288,松花江
2289,美國
2290,宋太祖趙匡胤
2291,太陽能電池板
2292,2008年
2293,南北韓高級別會談機制
2294,紅水河
2295,新蒙古人種
2296,斯芬·佩斯
2297,2001年
2298,大道東附近
2299,27千兆瓦
2300,副熱帶濕潤氣候
2301,1200萬名
2302,督憲
2303,2008年
2304,29.48萬人
2305,1982年
2306,鞏高峰
2307,杜篤瑪
2308,12個
2309,西伯利亞
2310,櫻花大道
2311,焦爾達諾·布魯諾
2312,國際網球協會
2313,僑州郡縣
2314,真實的故事
2315,官僚主義者
2316,刺史
2317,
2318,1180年
2319,三歲
2320,失眠
2321,雷焦卡拉布里亞國家考古博物館
2322,阿克爾自治市
2323,香港人
2324,都市計劃
2325,西班牙
2326,布爾人
2327,產婦之前有無生產
2328,校園一卡通
2329,第18
2330,海澄公
2331,
2332,外國人
2333,何應欽
2334,金銀珠寶
2335,1919年
2336,1939年
2337,集郵
2338,噪聲
2339,西塞羅
2340,白河
2341,蘇聯海軍
2342,音樂
2343,《四十二章經》
2344,阿爾杜伊尼卡家族
2345,工業
2346,海因利希・弗格勒
2347,第5套
2348,景洪市
2349,《韓國憲法》
2350,為爭取陽光
2351,精靈寶鑽》
2352,1918年
2353,200米
2354,原始宗教
2355,1區
2356,
2357,杭州
2358,機鼻
2359,1973年
2360,馮特
2361,彰化市民代表會
2362,法國大革命時期
2363,明朝
2364,2012年
2365,朱德
2366,
2367,漢武帝時期
2368,1963年
2369,東經116度
2370,英籍工程師西排立
2371,主語+賓語+謂語
2372,主序帶
2373,電磁波理論模型
2374,北京
2375,1927年
2376,2014年
2377,
2378,2007年
2379,法國
2380,[SEP]位，並升格為一個歐洲大國。腓特烈二世也對曾經普魯士最後得到的成功
2381,外匯商店
2382,鞏固自己及子孫的統治
2383,蒙古語
2384,甲醇
2385,元太宗
2386,15625億日元
2387,印度教
2388,1218年
2389,918年
2390,北非作戰階段
2391,依法治國
2392,1890年
2393,[UNK]連線酶
2394,金軍
2395,半決賽
2396,球
2397,內膜組織
2398,梁[UNK]
2399,40年
2400,2901.3平方公里
2401,新北市
2402,郭守時
2403,高等學校新生入學考試制度
2404,大陸冷氣團南下，有強烈東北季風吹襲
2405,「學習偉大領袖毛澤東」
2406,19世紀
2407,漢字文化
2408,清順治帝
2409,朝鮮勞動黨中央委員會委員
2410,清宣宗時代
2411,蒙漢兩元政治
2412,黑色貝雷帽
2413,三國史記
2414,四次
2415,林彪
2416,三個階段
2417,1972年
2418,摩門教
2419,分裂
2420,社會輿論
2421,1603年
2422,15分
2423,火山國家公園
2424,2003年
2425,競速機
2426,新石器時代
2427,孔齊言
2428,李·德富雷斯特
2429,1958年
2430,世界氣象組織
2431,通貨膨脹
2432,1820年代
2433,環境食物局，規劃環境地政局
2434,35%
2435,天主教
2436,食品業
2437,1958年
2438,2010年
2439,柏樹林
2440,1013毫巴
2441,仙台市
2442,史和平
2443,蓋銷
2444,哈爾濱
2445,1967年
2446,義和團事變
2447,混合苦膽的酒
2448,建文二年
2449,關島組織法
2450,2008年
2451,邊防具體業務
2452,米蘭·內迪奇將軍成立了「救國政府」，統治塞爾維亞餘下的領土，並承認彼得二世
2453,19世紀晚期
2454,
2455,合不勒汗
2456,高句麗
2457,窩闊台汗國
2458,
2459,49.3萬人
2460,巴納德
2461,量子光學
2462,農產品
2463,哈德遜河
2464,全國地圖正保御國繪圖
2465,民國3年
2466,投保人
2467,主序帶
2468,坎貝爾的重要貢獻：坎貝爾
2469,港島區
2470,1221年
2471,阿得雷德的去世
2472,《中華人民共和國憲法》
2473,二十歲
2474,雙打比賽
2475,中村法道
2476,高要
2477,元世祖
2478,391年
2479,英國精神醫學期刊
2480,1871年
2481,1260年
2482,13小時
2483,氦
2484,戰基處營區
2485,忽必烈命劉秉忠
2486,巴西爾二世
2487,黑死病
2488,1948年6月20日
2489,卡胡盧伊
2490,硫化物
2491,氮化硫
2492,三屆
2493,1978年
2494,都市計劃
2495,色指數
2496,日本
2497,情感支持
2498,6位
2499,司馬休之
2500,煤煙消除會
2501,公民化
2502,宏碁
2503,國民政府時期
2504,海因里希·赫茲
2505,傻瓜塔
2506,宋忠
2507,中山的菜式來自於民間
2508,匹茲堡
2509,白塞爾
2510,格子型系統
2511,
2512,[UNK]靼海峽
2513,2000年
2514,花垣鎮
2515,東部
2516,毒品一向素有「模特最愛」，而且毒品
2517,7%
2518,韓國
2519,女低音
2520,與鄧穎超新婚之夜
2521,泰國
2522,農民階層
2523,孔恩
2524,索契
2525,比利時
2526,重慶理工大學
2527,兩岸統一
2528,足利尊氏
2529,托木斯克
2530,蘇丹達爾富爾地區
2531,1905年
2532,《臺灣自救運動宣言》
2533,特殊道路
2534,十億年前
2535,1486年
2536,英國
2537,1950年代
2538,1500公里
2539,南極條約協商會議
2540,布里亞特人
2541,建炎二年
2542,民國8年
2543,1843年
2544,279年
2545,中國大陸
2546,西元前1534年
2547,瓦倫本哥國家公園
2548,1899年和1906年
2549,釋迦牟尼
2550,1953年
2551,1640年
2552,交通不便
2553,威尼斯人
2554,東涌線
2555,女低音
2556,1841年2月10日
2557,1999年
2558,2005年7月21日
2559,宋代
2560,國家預防腐敗局
2561,
2562,大學生研究計劃
2563,地方政制
2564,1994年
2565,王亞南
2566,茂蘿街
2567,八零年代
2568,1234年
2569,日本
2570,瑞派克路
2571,傳統白熱電燈泡
2572,第三代
2573,黨委
2574,康熙三十二年
2575,
2576,中央印製廠
2577,1952年
2578,十二月屠殺的事件
2579,導彈
2580,俄國內戰
2581,金正恩
2582,收藏者
2583,公元1世紀
2584,1904年
2585,無法續用「臺北」之名作為升格後的名稱，臺北縣政府
2586,二氧化硫
2587,紹興十一年
2588,烈女義坑
2589,調節氣溫
2590,日本青年社
2591,廣東籍
2592,羅馬帝國
2593,自由派
2594,1990年代
2595,秋明州
2596,倫敦煙霧事件
2597,加州
2598,自由
2599,韓國
2600,不穩定性
2601,多瑙哲羅魚
2602,亨利克萊
2603,歐美國家
2604,濟州島
2605,查普曼
2606,噪音過大
2607,廿八歲
2608,濟南
2609,1961年
2610,「印度國民軍士兵大審判
2611,榮休教宗
2612,美日領事機構
2613,2比1
2614,參議院
2615,1861年
2616,1991年
2617,臺灣
2618,1953年12月
2619,白[UNK]紀末滅絕事件
2620,2008年1月27日
2621,曼莫漢·辛格
2622,刺激性
2623,七七事變」
2624,激進黨
2625,1895年
2626,1895年
2627,萊茵魯爾
2628,濟州島漢拿山
2629,拒絕投降
2630,慈禧皇太后
2631,1600分
2632,狄拉克
2633,失分
2634,第一次鴉片戰爭
2635,特殊黨員
2636,中國
2637,蔡素玉議員
2638,英國
2639,工藝
2640,特色社會主義理論
2641,1999年
2642,4個
2643,溫州
2644,下薩克森邦
2645,《宅地法》
2646,中途公園
2647,駐越美軍
2648,燈罩上
2649,高房價
2650,1848年
2651,2016年9月30日
2652,改革法案
2653,解放軍
2654,1946年
2655,伊斯蘭教
2656,東勝寺一役
2657,6-8月
2658,
2659,暴雪娛樂公司
2660,第二次世界大戰
2661,歷史學家
2662,理論心理學
2663,墨點法
2664,312萬
2665,唐朝
2666,原子彈
2667,喬治
2668,空氣隔絕
2669,中國人民解放軍總參謀部警備部
2670,溥佳
2671,臺中市精密機械科技創新園區
2672,1803年
2673,特瓦族
2674,釋迦牟尼像與廣宏寺的彌勒佛像
2675,麻州
2676,杜林
2677,庫侖阻力
2678,沒有完整校舍
2679,一邊一國」
2680,天主教會
2681,西塞羅
2682,英軍司令部
2683,進口替代
2684,土耳其
2685,2013年
2686,忠孝橋
2687,艾吉巴斯頓
2688,1967年
2689,高崗
2690,1930年
2691,海水淡化
2692,大學文憑
2693,海蝕洞
2694,爭議性
2695,1779年
2696,印尼
2697,人本主義
2698,首爾塔洞公園
2699,中華人民共和國入聯合國一案
2700,英國
2701,電視
2702,千分之三
2703,
2704,普法戰爭
2705,什錦麵
2706,供給創造需求
2707,中東
2708,民國三十八年
2709,鄧演達
2710,土魯斯
2711,鮭魚
2712,美國
2713,甘蔗
2714,不滿北條氏專制政權
2715,當第一個用戶嘗試儲存網頁時
2716,約翰·福特
2717,昆明公交公司
2718,2010年
2719,巴洛克風格
2720,《七五憲法》
2721,2012年
2722,納粹黨
2723,清政府
2724,拿破崙
2725,盟軍破壞
2726,漢魏故城
2727,1920年代
2728,
2729,威廉一世
2730,人造衛星
2731,第1630號
2732,1702年
2733,
2734,新加坡
2735,同盟國
2736,1944年
2737,標準中文
2738,
2739,河運
2740,伏爾加河
2741,國際動物命名委員會
2742,黃金自由貿易
2743,施耐庵
2744,集中式太陽能發電站
2745,沙俄
2746,[SEP]款票
2747,第265任
2748,城際客運鐵路
2749,死亡
2750,
2751,阿拉瓦克印第安人
2752,皇后大道東
2753,[UNK]集團
2754,次音速
2755,德國
2756,米菓
2757,伽利略
2758,1875年
2759,裏海
2760,1863年
2761,1860年
2762,1597年
2763,1829年
2764,杜林
2765,2009年
2766,毛利家
2767,侏[UNK]紀
2768,鄭京和
2769,拿破崙
2770,343年
2771,11月祭
2772,中華人民共和國
2773,愛格思海金斯公司
2774,阿拉巴馬州
2775,2015年
2776,《羅馬十二帝王傳》
2777,呂蒙
2778,傑斐遜·戴維斯
2779,1867年
2780,70%
2781,狩獵採集社會
2782,日本共產黨
2783,國民黨
2784,入學考試
2785,很久
2786,大瘟疫
2787,鄂圖曼帝國
2788,1986年
2789,
2790,1951年4月13日
2791,基督教
2792,心血管疾病
2793,石油天然氣研發中心
2794,元朝
2795,硫酸
2796,義大利戰爭
2797,超級基金法
2798,中華人民共和國
2799,納粹德國
2800,募兵制
2801,1933年
2802,2015年
2803,丙子胡亂
2804,1997年
2805,天主教會
2806,《有關國軍參與海外派遣活動的法律案》
2807,大滿貫
2808,華沙
2809,伯力
2810,民族主義政策
2811,三種
2812,8世紀
2813,約翰二世·科穆寧皇帝
2814,凡爾賽宮
2815,北海道帝國大學
2816,2008年
2817,信陽市
2818,地區邊界
2819,電腦
2820,動物命名法
2821,2016年
2822,
2823,
2824,國際動物學會議
2825,屬下被朝廷處死
2826,金靴獎
2827,齊格蒙特三世
2828,天文學
2829,推翻巴雷
2830,萊茵河
2831,氧化亞氮氣體
2832,新約正典
2833,申侯聯合[UNK]國、西夷和犬戎起兵討周，殺周幽王於[UNK]山下，在鄭國、晉國、衛國等諸侯的襄助下，宜臼即位，是為周平王，遷都城鎬京於洛邑，建立東周，開啟了春秋時代。信陽申侯
2834,攻占納哈出的金山
2835,日本
2836,內燃機引擎
2837,銀熊獎
2838,1968年
2839,靜止心率
2840,《舊金山和約》
2841,6座
2842,1989年
2843,武昌起義
2844,管理寺院周圍13莊政教事務
2845,殺傷力大
2846,第一波新政
2847,球面幾何學
2848,1976年
2849,
2850,第2758號決議案
2851,1980年代
2852,楊森
2853,1859年
2854,為了更好的與羅馬帝國進行貿易活動
2855,學權部
2856,阮彌之
2857,粵西
2858,羅斯托克港
2859,印度河文明
2860,约瑟夫·斯卡利格
2861,湖州人
2862,維多利亞港
2863,郵箱業務
2864,20%
2865,分發式政策
2866,拉丁文、希臘文、希伯來文
2867,12歲
2868,比利時
2869,1000米
2870,馬關條約
2871,羅斯福
2872,大陸性季風氣侯
2873,214
2874,3席
2875,過渡時期憲法
2876,益州
2877,段思平
2878,1953年至1957年
2879,口徑大
2880,曲江縣韶關
2881,社會學
2882,雌雄同體
2883,遺傳定律
2884,攔截機
2885,泰國
2886,2000年
2887,15年
2888,魚雷艇
2889,
2890,第26屆
2891,武漢大學
2892,第三心音
2893,1989年
2894,史達林
2895,交通建設
2896,英國
2897,廣州鐵路局
2898,航太
2899,跳舞
2900,孫傳芳
2901,元滅宋之戰
2902,亞歷山大·羅德
2903,阿卡狄烏斯
2904,6月
2905,《農書》
2906,蘇聯第三國際
2907,中世紀中期
2908,美國登山車協會
2909,庫曼語
2910,台南
2911,法律
2912,學費較高
2913,1987年
2914,
2915,1850年6月1日
2916,直布羅陀海峽
2917,把普選局限於男性
2918,財務分析
2919,1923年
2920,大特里亞農宮
2921,安帝
2922,中華民國初年
2923,托列斯海峽
2924,自由民主黨
2925,印度洋
2926,兩年
2927,大致平坦的地貌
2928,磷礦石
2929,美國
2930,社會主義共和國
2931,1512年
2932,消亡階段
2933,肌萎縮性脊髓側索硬化症
2934,軍事防衛
2935,美少年
2936,《關於托勒密和哥白尼兩大世界體系的對話》
2937,傳送其基因組
2938,冷氣機
2939,種族區分
2940,張成澤
2941,盧安達
2942,戴爾廣場足球俱樂部
2943,厄爾布魯士峰
2944,南京國民政府
2945,明朝
2946,武器設計製造人才
2947,1956年
2948,大氣層極端稀薄
2949,50個
2950,科學博物館
2951,冬無嚴寒
2952,1874年
2953,維吾爾語
2954,金大中
2955,體重過輕了5磅而遭拒。他向米高梅一位健美先生[UNK][UNK]請教，此人以擅長隨心所欲控制自己的體重而聞名。他再次請求入伍，體重雖有增加
2956,新生代時期
2957,勒克瑙協定
2958,《國防報告書》
2959,木華黎
2960,電動機
2961,承辦五大宗教外其他宗教業務
2962,聯合國
2963,內需市場
2964,高商業價值
2965,翻版金日成
2966,啟德機場
2967,瑞士
2968,日本
2969,英語
2970,一個小時說一個字
2971,汽運
2972,敦煌石窟及相關文化、歷史
2973,鍾祥蘭台宮
2974,朝鮮
2975,1972年
2976,布里斯托鎊
2977,兩天
2978,喀喇汗國
2979,颶風戰鬥機
2980,黨內上層
2981,1932年
2982,1952年
2983,埃及
2984,2003年1月12日
2985,釣魚臺
2986,瓦特
2987,村民委員會
2988,猶太會堂
2989,三菱
2990,《韓國憲法》
2991,岳家軍
2992,怯薛軍
2993,道元禪師
2994,1637年
2995,北魏
2996,西人黨
2997,民國26年
2998,中東
2999,一次世界大戰時期
3000,大朝鮮國
3001,鋼筋混凝土
3002,熱帶稀樹草原
3003,1171年
3004,《樸茨茅斯和約》
3005,羽柴秀吉
3006,中產階級
3007,四十三年
3008,第45屆日本眾議院議員總選舉
3009,魏源所著聖武記
3010,教宗保祿六世
3011,阿拉伯宗教
3012,13個決策局及2個
3013,梵語
3014,元帝不重視科舉
3015,博克施道夫戰役
3016,珍妮·蓋諾
3017,1629年與1636年
3018,第二產業
3019,自轉軸的兩極
3020,怒江州
3021,25個
3022,史蒂芬生
3023,查士丁尼一世
3024,華北平原
3025,振州
3026,克里米亞[UNK]靼人
3027,李時珍
3028,舊莫比爾
3029,埃及
3030,辛亥革命
3031,六十年代
3032,十年
3033,伊斯蘭教
3034,正二品
3035,六四天安門事件
3036,周恩來
3037,《北京條約》
3038,1976年
3039,1959年
3040,森林面積
3041,國民議會
3042,肉牛
3043,主動方
3044,
3045,歐洲工業文明
3046,29萬
3047,冷戰格局
3048,300公厘
3049,廖內省
3050,南宋洪邁
3051,淮安區
3052,左手的大拇指
3053,靜谷
3054,2002年
3055,10%
3056,西里爾字母
3057,荷蘭人
3058,行政監察機關
3059,第五大
3060,契約經濟
3061,貨物運輸
3062,日軍河本大作大佐
3063,保護蒙古人地位
3064,工農業生產
3065,資本主義
3066,四品
3067,金正恩
3068,戰艦
3069,蘇聯
3070,清朝嘉慶年間
3071,蘭希佩洛西
3072,1871年1月18日
3073,朱德
3074,90年代
3075,溫尼伯國際機場
3076,瑞士伯爾尼的一間國際學校就讀，學習英語、德語及法語。1991年曾經以「約瑟夫·朴」名義用假護照與兄正哲由維也納到訪日本
3077,意識形態
3078,92部
3079,交通部觀光局東北角暨宜蘭海岸國家風景區管理處
3080,黑龍江
3081,薩珊王朝
3082,長水村
3083,八王之亂
3084,居民委員會
3085,民國29年
3086,降低貸款利息
3087,1980年2月24日
3088,通化市
3089,康熙帝
3090,烏茲別克斯坦
3091,玉米
3092,樺樹
3093,互補夥伴關係
3094,2006年
3095,1987年
3096,馬克思主義
3097,史都華的影迷太多
3098,馬加人
3099,1938年
3100,巴西隊
3101,製導合一
3102,完全臀位
3103,駱克道
3104,71.7公里
3105,神聖羅馬帝國
3106,
3107,廣電總局
3108,被塔塔兒人出賣給金廷，俺巴孩汗被金朝皇帝金熙宗釘在木驢上致死
3109,麥克阿瑟元帥
3110,查理檢查站
3111,京杭大運河
3112,雲貴高原
3113,喀喇汗國
3114,1914年
3115,紅衫軍運動
3116,兵分二路
3117,烏來區
3118,綠窗口
3119,電壓
3120,希臘文化
3121,幽州
3122,國際社會的壓力
3123,直皖戰爭
3124,1970年代
3125,相聲
3126,平定南昌的寧王宸濠之亂
3127,周恩來
3128,貴霜帝國
3129,1956年
3130,南海縣
3131,《華府風雲》
3132,韓國
3133,過度漢化、違背祖宗成法為由
3134,4000米
3135,李東陽
3136,1919年
3137,粳糯
3138,百萬分之一
3139,印度教
3140,青天白日勳章
3141,尼古拉杜霍寧
3142,見習官
3143,第四次調整
3144,信陽市
3145,1782年
3146,1871年
3147,日本武士時代
3148,武漢大學
3149,貝爾格勒
3150,日產汽車
3151,政府財政撥款
3152,1920年
3153,1972年
3154,柴油
3155,巴拉馬利波
3156,奧古斯都廣場
3157,有絲分裂
3158,卡爾施塔特
3159,拉丁字母
3160,二氧化碳
3161,1987年
3162,《三國演義》
3163,黃琪翔
3164,中國人民銀行
3165,都市
3166,特洛依騎士
3167,2016年
3168,土地改革
3169,[UNK].[UNK].[UNK][UNK]
3170,皇家學會
3171,周恩來
3172,1739年
3173,帝國自由城市
3174,《開槍射擊令》
3175,約翰學院
3176,商業上的活力
3177,忻城縣
3178,東側
3179,田春蔚
3180,冬季奧運會
3181,亞屬名
3182,農礦部
3183,艾薩克·牛頓
3184,馬薩諸塞州
3185,4世紀
3186,第一個階段
3187,波蘭
3188,麗貝卡·布蘭克
3189,《東方紅》
3190,太平洋戰爭
3191,西元28年
3192,同化政策
3193,莫敦梅
3194,北京
3195,1942年末
3196,洛可可風格
3197,軸心國
3198,兩年
3199,公元前194年
3200,俗世什一稅
3201,貨幣經濟影響
3202,《周禮》
3203,1967年
3204,曼努埃爾
3205,西班牙人
3206,31個
3207,農民小說
3208,新北市立圖書館
3209,北竿島
3210,拉彼魯茲
3211,奧圖·普萊明傑
3212,1235年
3213,太陽能
3214,水力發電廠
3215,馬其頓內部革命組織
3216,2015年6月
3217,天主教
3218,新北市
3219,量子光學
3220,托土拉島
3221,1929年
3222,30人
3223,鱷魚
3224,格爾拉赫峰
3225,第1630號決議案
3226,三跨一懸挑」形式
3227,
3228,江北地區
3229,希臘文化
3230,中國宋朝時期
3231,中山粵菜
3232,匈奴人
3233,海山
3234,倭國
3235,1949年
3236,第四次十字軍東征
3237,會長
3238,美國國家稅務局
3239,昆明巫家壩國際機場
3240,日產汽車
3241,兩棲動物
3242,
3243,北極熊
3244,1955年
3245,馬爾吉特
3246,13世紀
3247,
3248,傑羅姆萊特文教授
3249,漢族
3250,24位
3251,小高加索山脈
3252,農礦部
3253,軍事科研
3254,中國共產黨紀律檢查機關
3255,大雨
3256,民主黨
3257,1636年
3258,性善論
3259,法國獲勝
3260,文化大革命
3261,公元第二世紀
3262,陸軍航空隊
3263,大蒙古國
3264,漢朝軍事壓力
3265,1924年
3266,中午12點
3267,鄧小平
3268,民國39年
3269,華萊士
3270,氫融合
3271,39億美元恢復到978億美元
3272,經濟大恐慌
3273,民國十四年
3274,1909年
3275,1233年
3276,2015年
3277,卡佩爾戰爭
3278,超級英雄
3279,教會法學博士
3280,維多利亞湖
3281,《天體運行論》
3282,馬英九
3283,台北曲藝團
3284,朱允[UNK]、朱允[UNK]
3285,葉名琛
3286,廣島市
3287,監理會
3288,提神醒腦
3289,韓國
3290,美國經濟衰退
3291,1891米
3292,馬來西亞
3293,烏爾蘇拉
3294,92%
3295,李算
3296,秋明州
3297,物權法
3298,馬林諾夫斯基
3299,1651年
3300,
3301,劉義宣
3302,消極的制度
3303,蔣中正
3304,雙重匯率
3305,1971年
3306,1282年
3307,爭取速度上的優勢
3308,蒙古文
3309,小高加索山脈
3310,指揮小隊或中隊
3311,明朝
3312,動物脂肪
3313,幹線道路
3314,奈及利亞
3315,1955年
3316,976毫米
3317,君士坦丁堡
3318,路易·菲利普國王
3319,台北曲藝團
3320,1913年
3321,1903年
3322,惰性的鐵
3323,伊斯蘭教法
3324,9世紀
3325,特別警察部隊
3326,內蒙古自治政府
3327,獅子外型
3328,宋高宗
3329,
3330,美元
3331,地球
3332,獅子派
3333,乾隆皇帝
3334,功利主義
3335,1998年
3336,西班牙
3337,朝鮮民主主義人民共和國元帥
3338,成吉思汗時代
3339,極權主義傾向
3340,地中海
3341,1908年
3342,37年
3343,牡丹峰樂團團長
3344,
3345,空氣污染
3346,1949年
3347,岳飛
3348,劉牢之
3349,105名
3350,日式西餐
3351,五分之四
3352,共產黨員
3353,民族主義復活
3354,德國
3355,北方方言
3356,集安
3357,1970年
3358,燃燒時的火焰
3359,李·亞科卡
3360,五年
3361,瓜拿納樹
3362,特瓦族
3363,髒層
3364,加壓
3365,遺傳物質
3366,戴維·勞合·喬治
3367,海什木
3368,2006年
3369,白[UNK]紀中期
3370,莫里斯哈勒
3371,克勞德夏農
3372,不列顛印度軍隊
3373,1932年
3374,人口較南方多出許多
3375,1964年
3376,《新奇科幻》
3377,法語
3378,平均地權
3379,國際園藝家協會
3380,合肥市政府
3381,理查特里維西克
3382,一線天目前仍屬重要軍事基地
3383,彌爾
3384,《漢書》
3385,幽默
3386,無量山
3387,738年，唐開元二十六年
3388,美國
3389,對於旅客的換乘和貨物運輸十分不利
3390,非常小
3391,1961年
3392,計劃經濟體制
3393,英國
3394,田漢
3395,模特兒
3396,1292年
3397,民國23年增加為16個政務視察區，明年減少為6個。民國27年
3398,悉曇體
3399,1352人
3400,2005年3月20日
3401,43.4%
3402,路易十三
3403,沃爾特蒙代爾
3404,1935年
3405,繼續吞併全印度
3406,伊利諾州
3407,公元前240年
3408,韋爾夫公爵
3409,性犯罪
3410,沖積作用
3411,信陽長台關編鐘
3412,第三代
3413,黃大仙區
3414,忽必烈
3415,1930年代
3416,巴西爾二世
3417,至元十一年
3418,電子裝甲
3419,德川家康
3420,哈大客運專線
3421,世界三大黑土地
3422,佛教
3423,恰克圖條約
3424,多瀑布
3425,廢除憲法
3426,城堡
3427,沈葆楨
3428,協助自殺
3429,西晉
3430,美國[UNK]電視台
3431,1985年
3432,1996年
3433,2009年
3434,11世紀
3435,郭松齡
3436,1931年
3437,歐」型
3438,五權憲法
3439,天皇
3440,2014年
3441,茶峒鎮
3442,股份制改革
3443,兩年
3444,導彈
3445,1976年
3446,「你吃飯了嗎？」
3447,15個
3448,宋王
3449,希洛分基地
3450,漢地大都
3451,康熙
3452,景星殿
3453,雨果
3454,鄧小平理論
3455,開放市場
3456,華沙
3457,民國17年
3458,西部片
3459,雜交帶
3460,1990年代
3461,《三千年豔屍記》
3462,1978年
3463,儒家思想
3464,1998年1月1日
3465,12架
3466,珠三角地區
3467,1897年
3468,總理
3469,1945年
3470,鐮倉幕府
3471,完成了內部自治的體制
3472,倭王權
3473,灣仔碼頭
3474,1991年
3475,約瑟夫
3476,國外生活
3477,雙手反拍
3478,大爆炸理論
3479,新南威爾斯學校
3480,政策
3481,期思陂
3482,中華人民共和國
3483,朱棣
3484,2000餘輛
3485,軍隊士兵
3486,亞俄
3487,東漢
3488,1941年
3489,生命線類的協談電話
3490,機場快線
3491,麥茨要塞
3492,溫病學派
3493,歐洲
3494,梵語
3495,惠中威廉瓊斯
3496,19世紀晚期
3497,1974年
3498,馬祖列島
3499,交通部觀光局
3500,5月
3501,大浦聚落
3502,燈塔
3503,直升機
3504,兩小時
3505,馬祖名間傳說演奏，陳紫函，馬祖列島
3506,鄭有亮
3507,連江縣政府
3508,元宵節
3509,秋季
3510,農曆九月初九重陽節
3511,馬祖
3512,黃金腳
3513,
3514,漲潮
3515,沙灘旁的小村落，在北沙港尚未啓用之前，此處屬於重要的軍港
3516,平原地形
3517,235歲
3518,網球
3519,現代網球
3520,網球
3521,主裁判
3522,球童
3523,每盤
3524,網球大滿貫
3525,網球
3526,發球技術
3527,半西方式
3528,半西方式
3529,半西方式
3530,19世紀
3531,網球
3532,下旋球
3533,制勝球
3534,非營利博物館
3535,紅土
3536,一局比賽結束之後
3537,1-5盤
3538,佔線
3539,四年
3540,2005年
3541,2014年
3542,3萬名
3543,新北市
3544,新北市
3545,
3546,鐵路支線
3547,臺北市公車聯營管理中心
3548,公共自行車租賃系統
3549,淡水河
3550,新北市
3551,42.00[UNK]
3552,海洋音樂季
3553,市政府文化局
3554,2007年10月1日
3555,120餘公里
3556,小型地方商圈
3557,新北市
3558,1/16
3559,南陽西支
3560,動物界
3561,新樂隊
3562,彼得前書的作者在書信開頭表明微，基督的使徒彼得
3563,猶大書
3564,基督
3565,達摩帝約翰
3566,使徒約翰
3567,語言學
3568,約翰
3569,屬馬利亞
3570,屬馬利亞
3571,聯邦制
3572,索馬利亞
3573,150萬美元
3574,2001年3月
3575,城市的地價相對較高
3576,早期的都市計劃是通常是這些相關領域的從業者。今天
3577,大規模永久性防禦設施
3578,城市規劃
3579,空間規劃
3580,
3581,美軍基地
3582,北美區號方案
3583,夏威夷檀香山
3584,季節性
3585,私營醫院，關島地區醫療城
3586,974年
3587,228人死亡
3588,關島
3589,安納塔漢島
3590,安納塔漢島
3591,珊瑚環礁
3592,夜間溼度通常在88以上，但願平均溼度爲66吧。甘係爲12月至，隔年6月雨季爲。一二月爲這兩雙的月份，夜間低溫爲21-24度c且溼度較低。荒島最高溫紀錄爲96度，於1971年4月18日，1990年4月1日測得，低溫記錄爲65度f，於1973年2月8日測得。關島位於颱風走廊
3593,颱風走廊
3594,混凝土結構
3595,哈爾斯山脈
3596,十天
3597,下薩克森邦邦長
3598,有機米
3599,有機米
3600,光球層
3601,環境老化
3602,白[UNK]紀
3603,三點系滅絕事件
3604,全球
3605,
3606,白[UNK]紀
3607,費力組織
3608,非營利組織
3609,非營利組織
3610,會員大會
3611,少女
3612,局部模特兒
3613,少女模特兒
3614,蘇丹
3615,音質貴族系統
3616,政治家
3617,政治家
3618,政治家
3619,617事件
3620,1961年8月12日晚上開始，13日
3621,1961年10月
3622,年輕人
3623,1963年
3624,安靜
3625,2000起
3626,1971年4月10日
3627,44年
3628,1989年
3629,憲法
3630,德意志民主共和國
3631,1974年
3632,1961年
3633,德國統一社會黨
3634,計劃經濟
3635,500席
3636,布拉格之春
3637,廢除東德政府
3638,移民
3639,1950年
3640,蘇聯
3641,統一社會黨
3642,2.8%
3643,1985年
3644,社會主義現實主義
3645,
3646,私家博物館
3647,1888年
3648,十年
3649,人文學科
3650,新教
3651,1956年
3652,馬克思主義學說
3653,
3654,共同
3655,盧武鉉
3656,釜山
3657,濟州島
3658,工業原料
3659,韓國
3660,2.1%
3661,能源資源匱乏
3662,韓國
3663,韓國
3664,三星重工業
3665,2007年5月
3666,韓國科學技術研究院
3667,
3668,金泳三
3669,韓美同盟
3670,儒教
3671,甲午戰爭
3672,中國
3673,瀏覽器
3674,現代文化
3675,三國時期
3676,
3677,日本無條件投降
3678,鐵達尼號
3679,新的電視法
3680,1997年
3681,2000年
3682,牛肉
3683,狗肉
3684,韓國
3685,韓式泡菜
3686,韓國
3687,韓式筷子
3688,韓國燒酒
3689,2790060
3690,5583064
3691,多倫市
3692,4月中旬
3693,35度
3694,834公里
3695,多倫多皮爾遜國際機場
3696,401號省道
3697,速龍隊及楓葉隊
3698,速龍隊
3699,多倫多證券交易所
3700,多倫多
3701,多倫多
3702,1787年
3703,多倫多
3704,1787年
3705,1793年
3706,1813年
3707,1834年3月6日
3708,鐵路
3709,1921年
3710,81人
3711,1107萬平方公里
3712,清末
3713,甲午戰爭
3714,乾隆年間
3715,縣長鄉長，由三姓副都統
3716,乾隆年間
3717,理藩院
3718,外藩蒙古
3719,西藏
3720,駐藏大臣
3721,高句麗
3722,精英政治制度
3723,公孫度
3724,公孫度
3725,
3726,隋朝
3727,突厥
3728,唐太宗李世民
3729,高句麗
3730,新城
3731,668年
3732,新羅
3733,新羅
3734,高句麗
3735,體積
3736,熱力學
3737,不確定性
3738,政府機構
3739,財經
3740,負面情況
3741,紫色絲病非常接近民居
3742,比爾蓋茨
3743,法蘭克蓋瑞
3744,每週功課
3745,春季學期
3746,瑪格麗特
3747,1021位駕駛員，女性佔了224名
3748,物理學
3749,美國總統科技顧問委員會
3750,47位
3751,經濟顧問委員會
3752,路易斯委員會
3753,多元性
3754,1950年
3755,理學院
3756,魯本斯
3757,裝飾藝術博物館
3758,65萬人
3759,法蘭西人
3760,19世紀
3761,第二次世界大戰
3762,旅遊業
3763,第二大
3764,萊茵河航運中央委員會
3765,聯合國教科文組織
3766,凱爾特人
3767,日耳曼人
3768,神聖羅馬帝國
3769,路易十四
3770,馬賽曲
3771,19世紀
3772,德意志帝國
3773,高亭，四教
3774,浪漫時期
3775,後現代主義
3776,1900年
3777,後現代主義
3778,政治哲學所關注的是，權力的本質還行，是更具體的，政治哲學
3779,貴族政治
3780,柏拉圖
3781,基督教
3782,馬基維利
3783,蘇聯時期
3784,電力
3785,四川省
3786,成都平原
3787,峨眉山
3788,宋朝
3789,嘉定府
3790,中世紀
3791,哈康五世
3792,1314年
3793,黑死病
3794,瑞典
3795,1814年
3796,公共建築開始建造，包括25完工，挪威國會大廈
3797,新城區
3798,1854年
3799,電車線路
3800,戰國時期
3801,戰國時期
3802,郡縣制
3803,蜀魏國
3804,布爾什維克民兵
3805,1918年6月
3806,軍官
3807,扣留家屬爲人質
3808,芬蘭
3809,莫斯科和平協定
3810,拉多加湖，佩琴加漢莎拉地區
3811,周興國
3812,蘇聯政府
3813,拿破崙
3814,近衛
3815,146人
3816,三個月
3817,解放軍
3818,小金門國軍駐軍號及廈門市教黃厝村塔頭社
3819,美國第七艦隊
3820,胡錦濤
3821,臺灣泛綠陣營
3822,1911年
3823,清朝時期
3824,民不聊生
3825,共產黨員
3826,汪精衛
3827,1934年
3828,西安事變
3829,1945年
3830,渡江戰役
3831,1949年
3832,廣州
3833,大元帥府，在蘇聯和共產國際的協助下，重組光明黨架構，組建黃埔軍校
3834,北伐必敗論
3835,盧溝橋事變
3836,毛澤東
3837,國軍
3838,
3839,惡劣天氣
3840,1985年
3841,馬拉卡納打擊
3842,巴西隊
3843,1958年
3844,1962年世界盃
3845,巴西隊
3846,季軍
3847,1998年
3848,倫敦奧運
3849,2014年世界盃
3850,最高法院
3851,新政聯盟
3852,7月
3853,德懷特艾森豪將軍
3854,豬灣入侵
3855,美國
3856,1964年民權法案
3857,非裔美國人
3858,新政聯盟
3859,廢除種族隔離法條
3860,林丹強生總統
3861,阿拉巴馬州
3862,黑人
3863,能源部
3864,通信
3865,維吉尼亞州
3866,白人
3867,共和黨革命效應
3868,加拿大
3869,白水門事件
3870,廢奴民主黨人
3871,凡爾賽條約
3872,羅斯福
3873,伊斯蘭會議組織
3874,第37次
3875,2005年
3876,潘基文
3877,3月8日
3878,無人飛機
3879,2015年
3880,菜豆
3881,平坦谷地
3882,1100公尺
3883,新美天津大理石
3884,1921年
3885,喬治亞
3886,蘇聯
3887,亞塞拜然人
3888,赫哲族
3889,唐代
3890,唐玄宗
3891,1284年
3892,努兒乾地方
3893,元朝
3894,二妹公司
3895,江戶幕府
3896,嘉禾二年
3897,公孫淵之
3898,孫登
3899,2000毫米
3900,梅雨時期
3901,2010年
3902,九州旅客鐵道
3903,舊石器時代
3904,道作農耕文明
3905,魏志倭人傳
3906,前方後圓粉
3907,東山手和南山首地區
3908,葡萄牙人
3909,斯洛文尼亞
3910,歐洲共同體
3911,塞爾維亞克拉伊納共和國
3912,浙大克羅埃西亞主義
3913,1991年
3914,馬其頓共和國
3915,南斯拉夫反法西斯人民解放委員會
3916,1945年
3917,2月
3918,共產黨情報局
3919,沙文主義
3920,開放式社會主義體制
3921,1980年
3922,失業率攀升
3923,分配地方權力
3924,遺傳工程
3925,分子複製技術
3926,基因工程
3927,1973年
3928,生物技術
3929,基因工程
3930,凝血因子
3931,基因轉殖小鼠
3932,多倍體育種
3933,複製
3934,基因轉殖生物
3935,同源基因
3936,加拿大
3937,美國憲法
3938,17歲
3939,美國綠卡
3940,國家安全會議
3941,人文組織
3942,水泥
3943,人工土木建築材料
3944,貝都因人
3945,貝都因人
3946,堅固耐久
3947,孔明車
3948,臺灣
3949,45公里
3950,亞當斯密
3951,購買物資
3952,城市軌道交通
3953,中國大陸
3954,陸上交通方式
3955,丁磊
3956,出售郵件系統軟體授權
3957,新浪
3958,網際網路泡沫破滅
3959,2015年
3960,類比電路系統
3961,發信機
3962,飲食失調症
3963,躁鬱症
3964,自我傷害行爲
3965,古柯鹼
3966,吸菸
3967,四川
3968,汗蒸冰製
3969,泰晤士報
3970,泰晤士報
3971,倫敦時報
3972,英國保守黨
3973,瓦倫斯
3974,476年
3975,羅馬的財富
3976,阿瓦爾人
3977,薩珊王朝
3978,廣州
3979,黃帝
3980,劉師培
3981,江南平原
3982,24位
3983,民主聖地
3984,陳麗珍
3985,張博雅
3986,病蟲害
3987,沈佳宜
3988,沖積平原
3989,張之洞
3990,1993年
3991,李達
3992,法國
3993,2013年
3994,威廉吉爾伯特
3995,吉爾古特
3996,班傑明富蘭克林
3997,富蘭克林
3998,琥珀摩擦實驗
3999,
4000,變壓器
4001,法拉第定律
4002,纖維性抽搐
4003,最佳作品獎
4004,史詩片
4005,五部
4006,美國電影藝術與科學學院
4007,普勞圖斯
4008,繁榮時期
4009,奧古斯都時期
4010,20世紀之前
4011,5000倍
4012,距離比較遠
4013,七天三小時
4014,中間期
4015,幼發拉底河
4016,尼羅河流域
4017,尼羅河流域
4018,美國電影藝術與科學學院
4019,奧斯卡金像獎
4020,三季好萊塢的杜比劇院
4021,西德尼斯科爾斯基
4022,洛杉磯
4023,學院邀請
4024,1939年
4025,盛業大廈大學
4026,華東師範大學
4027,學潮
4028,戊戌變法是木
4029,梁啓超
4030,康有爲
4031,康有爲
4032,蘇聯或獨立國協
4033,外交的騙局
4034,外國公使
4035,義和拳
4036,歐美日列強
4037,2007年
4038,21196.18公里
4039,春秋戰國時代
4040,北齊
4041,蒙古境內
4042,北齊
4043,大院20層，東至朝鮮平壤
4044,突厥
4045,明朝
4046,點燃煙火
4047,大漠深處
4048,中英煙臺條約
4049,馬關條約
4050,重慶
4051,重慶
4052,重慶
4053,日本
4054,重慶
4055,火災演習
4056,重慶
4057,重慶
4058,兵工廠
4059,沙坪壩公園
4060,浦東濱海
4061,重慶
4062,藥用植物
4063,第七
4064,電子工業
4065,
4066,馬關條約
4067,蓄意攻擊
4068,馬車
4069,高爆反坦克彈
4070,整合型間隙
4071,1101
4072,陳水扁
4073,2005年
4074,巡撫
4075,中國共產黨
4076,西班牙
4077,1895年
4078,馬州
4079,父系社
4080,摩梭人
4081,1995年
4082,單身收養制度
4083,1600萬
4084,社會壓力
4085,婚禮產業
4086,荷蘭
4087,德國
4088,14個
4089,1907年
4090,德國
4091,1939年
4092,1934年
4093,賓夕法尼亞州
4094,太空遊客
4095,60歲
4096,亞歷山大三世指派的一位二國將軍
4097,英國
4098,1989年
4099,波蘭統一工人黨喪失政權，波蘭
4100,綠島
4101,美系車
4102,兩個
4103,高尚或者學實踐者
4104,《論自由》，另一本是?[SEP]，個人就有完全的行動自由，其他人還社會都不得干涉，只有當自己的言行危害他人利益時，個人才應接受社會的強制性懲罰。這就是名額所劃定的個人與社會的權力界限，所以1903年當粘附，第一次把日誌有介紹到中國來時，書名叫就叫羣已權界論。日誌
4105,1903年
4106,詩經
4107,玄奘
4108,唐朝
4109,東吳大學
4110,1999年
4111,完全互相
4112,閩南語
4113,1945年
4114,1968年
4115,1942年
4116,1944年
4117,75歲
4118,美國電影學會
4119,1985年
4120,1991年
4121,1948年
4122,精靈
4123,優秀西部片演員
4124,1945年
4125,傑出童軍
4126,1945年
4127,2008年
4128,美國空軍
4129,
4130,1951年
4131,比佛利山莊
4132,瓊克勞馥春
4133,政治
4134,1940年
4135,米高梅
4136,豐臣秀吉
4137,1598年
4138,軟流圈
4139,大量放射性元素衰變加熱
4140,太平洋
4141,一個月
4142,血壓監測
4143,腎病
4144,生產地
4145,美國
4146,日本
4147,1899年
4148,2008年
4149,1457年
4150,德川幕府
4151,1868年
4152,1899年
4153,聯合國
4154,釣魚臺列嶼
4155,爬行動物
4156,山羊
4157,釣魚臺主權的爭議
4158,15世紀
4159,1952年
4160,1940年
4161,美軍戰機的轟炸
4162,航路標誌法
4163,1月14日
4164,1857年
4165,
4166,葛羅男爵
4167,1858年
4168,6月13日晚18日
4169,2011年
4170,美國地質調查局
4171,東芝公司
4172,虛假營銷
4173,1875年
4174,2006年
4175,第二次世界大戰
4176,公元384年
4177,北魏藝術風格
4178,印度佛教文化
4179,蘇門答臘島
4180,傳統
4181,以裝飾
4182,12世紀
4183,水墨畫
4184,漢明帝
4185,[SEP]上希臘風格
4186,南北朝時期
4187,北魏風格
4188,唐代
4189,長安
4190,莫高窟
4191,約翰弗雷德裏克
4192,1826年
4193,君主制
4194,匈牙利
4195,激進黨
4196,南斯拉夫
4197,1921年
4198,拉丁文
4199,倭寇
4200,南宋
4201,清同治年間
4202,第三張
4203,電影
4204,2001年
4205,扁平足及地中海貧血症狀
4206,1790年
4207,瑞士
4208,貝爾福地區
4209,1939年
4210,皇家自由醫院，吉倫大學院附屬醫院
4211,皇家自由醫院，吉倫大學院附屬醫院
4212,1906年
4213,八角大樓
4214,理事會
4215,副教務長
4216,中國民主建國會
4217,文化教育界高級人士
4218,工商企業家
4219,榮毅仁
4220,1945年
4221,國際聯盟
4222,58個
4223,凡爾賽條約
4224,1960年
4225,1968年
4226,外圍賽
4227,歐洲足球錦標賽的規模及比賽指數僅次於世界盃足球賽
4228,西班牙
4229,抽籤
4230,1958年
4231,1955年
4232,法國
4233,南斯拉夫
4234,地區性國際政治組織
4235,非洲
4236,河北省
4237,關內
4238,朝陽市
4239,四個
4240,四星上將
4241,徵兵制
4242,波斯灣東南岸
4243,1960年代
4244,西方商業模式
4245,英國
4246,1852年
4247,很合理的稅制
4248,1966年
4249,1971年
4250,2006年
4251,七倍
4252,皇家法律
4253,142個
4254,紅線
4255,1947年
4256,非裔
4257,1960年
4258,法律制裁
4259,共和末期
4260,獲得羅馬公民權
4261,奧古斯都
4262,銀幣
4263,百夫長
4264,河南
4265,2002年
4266,黃河鐵路公路大橋
4267,1952年
4268,南國農
4269,蕭樹滋
4270,何克抗
4271,李克東
4272,饅頭
4273,溫州人
4274,小籠饅頭
4275,懷化市
4276,丘陵地帶
4277,岩溶丘陵
4278,西柏林
4279,磚石
4280,反法西斯防衛牆
4281,柏林圍牆
4282,四個
4283,1949年
4284,1949年
4285,1961年
4286,烏利希
4287,客座教授
4288,肝癌
4289,1978年
4290,1977年
4291,1978年
4292,國際奧委會第48屆年會
4293,中華人民共和國
4294,楊虎城
4295,分離主義
4296,李烈鈞
4297,宋子文公館
4298,軍事委員會
4299,肝臟
4300,中樞神經系統興奮劑，也是一個新陳代謝的刺激劑
4301,麥角胺
4302,英國
4303,1713年
4304,奧地利
4305,中國鐵道部
4306,文化大革命
4307,陳玉昶
4308,人民日報
4309,香港站
4310,2012年
4311,
4312,九龍站
4313,淮河
4314,劉邦
4315,淮河流域
4316,南源玉帶河
4317,[SEP]究型
4318,班傑明富蘭克林
4319,穆爾電子工程學院
4320,第四
4321,唐朝
4322,劍橋大學
4323,92英畝
4324,獸醫學院
4325,雨水
4326,露點溫度
4327,克里米亞半島
4328,貝爾格勒
4329,1941年
4330,1958年
4331,俄羅斯聯邦
4332,共和國元首
4333,第二次世界大戰
4334,中南海
4335,明代
4336,1406年
4337,北海
4338,袁世凱
4339,袁世凱
4340,中南海
4341,新華門
4342,1977年
4343,彰化縣
4344,1977年
4345,八卦臺地
4346,1959年
4347,花蓮市
4348,花蓮市
4349,四年
4350,市政會議
4351,加入歐盟
4352,基督教
4353,1403年
4354,723公里
4355,
4356,150名
4357,俄羅斯
4358,農業
4359,計劃經濟
4360,2006年
4361,拜占庭
4362,地震
4363,1933年
4364,1933年
4365,九龍寨城
4366,九龍戰神
4367,1998年
4368,黃大仙區
4369,家庭經濟拮据
4370,1917年
4371,一個月
4372,日本陸軍士官學校
4373,1936年
4374,陳春鳳
4375,程程真
4376,廣州行營
4377,西班牙語
4378,83.4%
4379,黃河
4380,山地
4381,1912年
4382,修水縣
4383,49.2%
4384,41種
4385,54種
4386,喜馬拉雅山
4387,6656米
4388,喜馬拉雅山脈
4389,庚子賠款
4390,清華學堂
4391,1943年
4392,1897年
4393,瀕危物種
4394,恐龍
4395,金正恩
4396,社會主義市場經濟體制
4397,金正恩
4398,2009年
4399,金正恩
4400,第149位
4401,卡蓋拉河
4402,2006年
4403,公路網絡
4404,農村
4405,1974年
4406,7號
4407,聯合國
4408,圖西族人
4409,君主制
4410,特瓦族
4411,1999年
4412,彩電中心
4413,2010年
4414,央視網標誌
4415,1988年
4416,2009年初
4417,被動的
4418,髮型
4419,文化研究
4420,58勝24負
4421,六馬隊
4422,紐約尼克
4423,2003年
4424,61勝21負
4425,2004年
4426,真人
4427,道士
4428,全真派
4429,正一派
4430,英國
4431,托爾金
4432,本質的邪惡
4433,芬蘭民族
4434,1914年
4435,1911年
4436,1815年
4437,1934年
4438,島上風光
4439,人權狀況不良
4440,20世紀
4441,清末民初
4442,王怡
4443,戶籍制度
4444,保護勞動者的合法權益
4445,法輪功
4446,中華人民共和國外交部
4447,沙祖康
4448,汪洋
4449,中國大陸
4450,新聞法
4451,苦修隱居
4452,蔣中正
4453,畜牧業
4454,集體勞動組件
4455,解體
4456,19世紀
4457,拿破崙
4458,改變土地產權制度
4459,1857年
4460,1862年
4461,外交戰略失誤
4462,1870年
4463,德意志帝國
4464,1873年
4465,1850年
4466,普選權的保護者
4467,穩固自己的地位
4468,中華人民共和國
4469,2000年
4470,戰國時期
4471,5月
4472,道教
4473,加拿大
4474,問你伯
4475,博湖
4476,冰河時期
4477,製造箭頭
4478,1611年
4479,烏茲別克政府
4480,1987年
4481,航空運輸
4482,空鐵聯運
4483,高速鐵路
4484,2395平方公里
4485,大理白族自治州
4486,200米
4487,衝鋒槍
4488,卡賓槍
4489,單兵連發火器
4490,中國大陸
4491,第一次世界大戰
4492,德國
4493,德國
4494,1980年
4495,陝西省
4496,秦嶺
4497,
4498,溫帶季風氣候
4499,常綠闊葉木本植物
4500,蜀道難
4501,大正元年
4502,關東大地震
4503,第一次世界大戰
4504,日治時期
4505,1927年
4506,一二八事變
4507,太平洋戰爭
4508,
4509,安保鬥爭
4510,患上喉癌
4511,田中角榮
4512,貪污
4513,一連串的醜聞
4514,日本社會黨
4515,平成時代
4516,天武天皇時期
4517,天武天皇
4518,645年
4519,天武天皇時期
4520,
4521,149年
4522,北條政子
4523,女媧
4524,補天
4525,人類始祖
4526,物理化學
4527,化學物理學
4528,1977年
4529,北美洲
4530,哈爾濱火車站
4531,1534年
4532,葡萄牙
4533,沙勿略
4534,印度
4535,朱棣
4536,和談破裂
4537,河北戰事不利
4538,10月24
4539,保定
4540,徐氏
4541,873人
4542,對大臣有所猜忌
4543,9月二五擊敗武高
4544,朱權
4545,李景隆大軍
4546,郭英
4547,潮州體育館
4548,籃球運動
4549,潮州市體委
4550,中國四大古橋
4551,2001年
4552,季風氣候
4553,李青
4554,潮州
4555,人多地少
4556,9800日元
4557,5800日元
4558,1995年
4559,民族主義
4560,
4561,哈里發
4562,賓夕法尼亞州
4563,世界鋼都
4564,2006年
4565,美式橄欖球
4566,石灰石
4567,戰爭對鋼鐵的需求量猛增
4568,匹茲堡
4569,文藝復興時期
4570,瑞士近衛隊
4571,米開蘭，基羅
4572,西班牙
4573,積極進攻
4574,譚詠麟
4575,珊瑚島
4576,甘泉島
4577,中越西沙海戰
4578,日本
4579,法國
4580,白崇禧
4581,1949年第二次國共內戰失利
4582,1950年
4583,saber
4584,1930年
4585,都市化程度高
4586,阿斯頓公園球場
4587,拉素
4588,1987年
4589,5000000美元
4590,1993年
4591,1998年
4592,嘉靖九年
4593,三層
4594,祈年殿
4595,七星石
4596,巴西
4597,拉丁美洲
4598,1859年
4599,物種的演化
4600,住宅區
4601,二次大戰
4602,燈塔牌手電筒
4603,
4604,2012年
4605,25個
4606,羅斯福
4607,完顏宗弼
4608,張俊
4609,完顏宗弼
4610,後勤的問題
4611,不時騷擾
4612,趙鼎
4613,水準測量
4614,誣陷
4615,儒家
4616,河北省
4617,5月28日至6月4日
4618,公元前216年
4619,大興區
4620,臺灣
4621,甲午戰爭
4622,震臺政策
4623,馬關條約
4624,50年
4625,臺灣本省人
4626,1980年代
4627,1988年
4628,主機板
4629,1996年
4630,李登輝
4631,李登輝
4632,多元文化主義
4633,葡萄牙語
4634,海拔高度
4635,黑潮洋流
4636,1972年
4637,烏山頭水庫
4638,1684年
4639,戰略地位
4640,1960年代
4641,擺脫石油危機
4642,1987年
4643,中國國民黨
4644,清治時期之大清律法，臺灣日治時期
4645,21個
4646,中華人民共和國
4647,社會福利基金會
4648,醫界聯盟基金會
4649,2009年
4650,亞太發展基金會
4651,亞太發展基金會
4652,1995年
4653,中秋
4654,元宵節
4655,
4656,清治時期
4657,四面環海，且魚產豐富，因此海蔘
4658,珍珠奶茶
4659,英語
4660,1932年
4661,與漢人通婚
4662,臺灣之光
4663,16世紀
4664,葡萄牙
4665,27個
4666,日本文化
4667,二戰
4668,反共抗俄
4669,中華隊
4670,高雄市
4671,巧固球
4672,法國
4673,繁殖
4674,公共衛生
4675,飛鳥與飛機相撞
4676,100億美元
4677,四川省
4678,贏樂山大佛
4679,粵語
4680,粵語
4681,漢朝
4682,瑞士
4683,瑞士
4684,阿爾卑斯山脈
4685,挪威
4686,民國34年
4687,德國
4688,倫敦
4689,英國
4690,德國
4691,電腦控制技術
4692,國家郵政局
4693,1949年
4694,1995年
4695,220名
4696,1972年
4697,1972年
4698,田納西州
4699,1998年
4700,高爾
4701,2006年
4702,英國
4703,物理學
4704,1984年
4705,1930年
4706,狄拉克
4707,
4708,海森堡
4709,科本哈根
4710,真空極化
4711,1939年
4712,他不想出名
4713,拓撲學
4714,1937年
4715,婆羅門教
4716,天道
4717,到達涅槃的境界
4718,巨大捕食壓力
4719,加州
4720,洋務運動
4721,蔣公玉棟的擁護者，馮桂芬
4722,穆斯林
4723,伊斯蘭黃金時代
4724,十字軍東征
4725,中國
4726,新柏拉圖主義
4727,科學革命
4728,1687年
4729,劉銘傳
4730,舊金山和約
4731,毛澤東
4732,支持日本關于歸還領土的要求
4733,中國大陸
4734,公元三世紀
4735,班固
4736,1992年
4737,尊重國際社會的共識
4738,1998年
4739,1994年
4740,普京
4741,中華人民共和國
4742,哭泣
4743,18小時
4744,細菌會開始生長
4745,經濟海域
4746,法國
4747,美國
4748,下議院
4749,五年
4750,不信任案
4751,愛爾蘭
4752,法蘭西王國
4753,愛德華三世
4754,國內的貴族政治與神職人員影響重大
4755,人民選舉
4756,授權
4757,北魏
4758,伊斯蘭教
4759,北高加索
4760,一二八事變
4761,1937年
4762,上海北站
4763,1983年
4764,1984年
4765,江澤民
4766,北區
4767,1986年
4768,華東建築設計院
4769,軟席候車室
4770,爲避免購票人羣與進出站人羣的對衝
4771,閩籍
4772,三成
4773,香港
4774,2004年
4775,北郊
4776,金朝陽集團
4777,香港
4778,香港
4779,香港
4780,祖籍
4781,北宋
4782,香港
4783,偷渡潮
4784,1950年
4785,深圳
4786,荃灣新市鎮
4787,荃灣新市鎮
4788,蔬菜
4789,荃灣新市鎮
4790,廣東
4791,1950年
4792,壓倒性人口比例下降
4793,中西區
4794,中西區
4795,潮州人
4796,語言相約
4797,英國
4798,郭春秧
4799,閩東人
4800,郭鶴年
4801,福州
4802,太平天國戰亂
4803,駱克道
4804,隨著灣仔發展商業區
4805,2012年
4806,色情行業
4807,山水瘦肉粥街
4808,1980年代
4809,金巴利街
4810,13%
4811,青龍教
4812,男多女少
4813,613900人
4814,1161
4815,1954年
4816,一江山島
4817,一江山島
4818,金剛計劃
4819,蘇聯政府
4820,2月24日
4821,太平洋
4822,臺東市
4823,鯉魚山
4824,劉銘傳
4825,1976年
4826,宋慶齡
4827,憲法選舉
4828,1982年
4829,馬利亞金庫塔斯
4830,新石器時代
4831,反傷二次革命
4832,民國19年
4833,民國16年
4834,民國35年
4835,組建正規兵團，直行向北發展，向南防禦
4836,晉冀魯豫野戰軍
4837,湖北省
4838,高石碑鎮
4839,呂亮
4840,南京
4841,反間計
4842,腹背受敵
4843,軍功
4844,嘉靖七年
4845,高原
4846,扇貝狀的邊緣
4847,南極
4848,火山
4849,聯邦總理
4850,拒絕
4851,1871年
4852,互相制衡
4853,議事權
4854,約翰洛克
4855,英國
4856,國民議會
4857,1974年
4858,防止國家權力被濫用
4859,孫中山
4860,考試監察
4861,2005年
4862,國防部
4863,6萬人
4864,中華人民共和國
4865,安徽省
4866,兩處
4867,巴丹羣島
4868,美國工業工程師學會
4869,消滅在生產過程中對時間，經費，材料，能源以及其他資源的浪費。他們是產品質量穩定，並且更容易製造，最後讓產量得到提高
4870,產業工程
4871,工業工程
4872,南華早報還是星期日出版的，星期日南華早報
4873,1913年
4874,1906年
4875,日本
4876,
4877,2006年
4878,中國網通集團
4879,阿里，不哥
4880,由阿里不哥兵敗投降
4881,易經
4882,元世祖
4883,1275年
4884,颱風來襲
4885,解決財政問題
4886,1260年
4887,忽必烈
4888,1279年
4889,南宋
4890,南京
4891,福建
4892,成吉思汗
4893,1388年
4894,城關，相對於村社制之於甚麼?[SEP]中書省
4895,宣政院
4896,1321年
4897,1238年
4898,意大利
4899,1330年
4900,馬可波羅遊記
4901,1217年
4902,赤軍
4903,七團田
4904,河北
4905,自然災害
4906,畜牧業
4907,棉布
4908,黃道婆
4909,官營政策
4910,杭州市
4911,宋元時期
4912,元朝
4913,丘處機
4914,伊斯蘭教
4915,
4916,王羲之
4917,草書
4918,景德鎮
4919,元朝
4920,那吉利亞
4921,約魯巴
4922,阿達馬瓦高原
4923,熱帶草原氣候
4924,石油出口
4925,北京
4926,燕京大學
4927,重機學院
4928,美國
4929,中華人民共和國政府
4930,2005年
4931,舊金山和約
4932,1980年代
4933,新加坡
4934,經濟轉型
4935,2002年
4936,1970年代
4937,變化小
4938,1970年代
4939,原住民族
4940,1947年
4941,1950年代
4942,高雄市
4943,
4944,1988年
4945,19世紀
4946,建立自治政府
4947,奧斯曼伊斯蘭政權
4948,阿姆利則慘案
4949,日本
4950,後勤補給的中斷
4951,引入刑事司法法案
4952,媒體的輿論
4953,2011年
4954,1960年代
4955,1980年代
4956,北海艦隊
